"analysis start time","threatscore 0-100","anti-virus %",vxfamily,tags,sha256,environmentid,submitname,"size in bytes",filetype,domains,hosts,"environment description",report,verdict,md5,sha1,isurlanalysis,isreliable,vtdetect,mddetect
"2018-04-22 04:14:19",66,07,ML.Attribute,,8fdb33eb213bf9556039ddfadafe2d7bac4e84d30a3afd488e6ca5a07627a8f1,100,testdl.exe,88576,"PE32 executable (GUI) Intel 80386, for MS Windows",,,"Windows 7 32 bit",/sample/8fdb33eb213bf9556039ddfadafe2d7bac4e84d30a3afd488e6ca5a07627a8f1/5adbefe27ca3e15965029f83,2,894405442cb418bfd141cd8fc5564abf,de49a7a5ae8f951cae10fa32fa64773ebbb75222,,1,7,
"2018-04-22 03:51:02",03,,,,b0ef0d02e257486e1da2b02772cd6b6fa9b91784f1c95a6497b89624857178d9,100,Files.bat,64,"ASCII text, with CRLF line terminators",,,"Windows 7 32 bit",/sample/b0ef0d02e257486e1da2b02772cd6b6fa9b91784f1c95a6497b89624857178d9/5adbf8d97ca3e1668a029ab6,0,7287a1b2219c80fc0431c3f471895aef,c9d6d1848a3c9223f128ca439b622d4265a6cda9,,1,0,
"2018-04-22 03:49:53",45,,,,a40da40d7ef5fdfebe7b49352dd386c233063195dfde0ae43608fa817d7b048e,120,NETwbw02.sys,3517696,"PE32+ executable (native) x86-64, for MS Windows",,2.21.242.196,"Windows 7 64 bit",/sample/a40da40d7ef5fdfebe7b49352dd386c233063195dfde0ae43608fa817d7b048e/5adbea307ca3e150c241ee14,0,1b425509d1344406717f753cbc45be10,892d86678848f2b209337c264fe527989cb0b009,,1,0,
"2018-04-22 03:35:32",32,,,,14beead4285a5abf441bd6d6dbd8519674f2e5520302b1bc5e7fabcb228b5308,120,launcher.exe,1269336,"PE32+ executable (GUI) x86-64, for MS Windows",,"2.21.242.196,2.20.131.136","Windows 7 64 bit",/sample/14beead4285a5abf441bd6d6dbd8519674f2e5520302b1bc5e7fabcb228b5308/5adbe6cc7ca3e14b26496293,0,8b291abd33e4a135f9c3fcdb4520ca43,86803a281a4bdd8c92826dbe068e3d701ad39f70,,1,0,0
"2018-04-22 03:22:22",00,,,,a136c355d4c8945729163d15801364a614e23217b15f9313c85ba45bb71a74eb,120,TsUsbFlt.sys,59392,"PE32+ executable (native) x86-64, for MS Windows",,2.21.242.196,"Windows 7 64 bit",/sample/a136c355d4c8945729163d15801364a614e23217b15f9313c85ba45bb71a74eb/5adbe3af7ca3e1463f033073,0,d11c783e3ef9a3c52c0ebe83cc5000e9,65d0756a043daa998eb9af70102ba7f597f4090f,,1,0,0
"2018-04-22 03:17:20",51,01,malicious.a51ef5,,e0a524cc175936ccad24d5787932ffa072b2c6a5430d23c89f68b37570c49483,100,"Combo SPlitter.exe",25088,"PE32 executable (GUI) Intel 80386 Mono/.Net assemb ...",,,"Windows 7 32 bit",/sample/e0a524cc175936ccad24d5787932ffa072b2c6a5430d23c89f68b37570c49483/5adbf0ec7ca3e1598068901f,2,df701ee028c54793e2bd1fbf0a4bdb95,64ce410a51ef541c2eeee737a4c8e4ddcc3afd60,,1,1,
"2018-04-22 03:16:36",00,,,,0d116d49ef9abb57da005764f25e692622210627fc2048f06a989b12fa8d0a80,120,parport.sys,97280,"PE32+ executable (native) x86-64, for MS Windows",,"2.21.242.196,2.21.242.237,2.20.131.136","Windows 7 64 bit",/sample/0d116d49ef9abb57da005764f25e692622210627fc2048f06a989b12fa8d0a80/5adbe16c7ca3e142d23b6233,0,0086431c29c35be1dbc43f52cc273887,b65df7b4433be5b8a49eaae9cfe749c30f10db6d,,1,0,0
"2018-04-22 03:10:52",42,-1,,,a991b8103a558b6e4fc7cb1099473c9441cc51a18ff73af9ca97a7268fb5256c,120,loader.exe,179200,"PE32 executable (GUI) Intel 80386 Mono/.Net assemb ...",,,"Windows 7 64 bit",/sample/a991b8103a558b6e4fc7cb1099473c9441cc51a18ff73af9ca97a7268fb5256c/5adbe1027ca3e142292463b3,1,4388b4003277d16e554bdd78bfcffd8e,fa5a399bef80921e1a4f1fe43432a0b71447609c,,1,,
"2018-04-22 03:08:13",57,,,,a6f576763818d4eab2cda3857f2963f61fda67d7b581c52e1eb1ddb32fd642c3,120,nusb3hub.sys,83080,"PE32+ executable (native) x86-64, for MS Windows",,"2.21.242.213,184.25.216.99","Windows 7 64 bit",/sample/a6f576763818d4eab2cda3857f2963f61fda67d7b581c52e1eb1ddb32fd642c3/5adbe0677ca3e13ee1085ebd,0,285acec1b13a15ba520aae06bacb9cff,5d23b84bbdc8d11e203e066c81146d0fa72cdc6e,,1,0,0
"2018-04-22 03:06:09",67,47,Exploit.CVE,exploit,3de44dc788cc675a33f245ab5868ab0ddec882a557cd91c0e62a00f07ebb6b4f,100,bad.pdf,5546,"PDF document, version 1.3",,,"Windows 7 32 bit",/sample/3de44dc788cc675a33f245ab5868ab0ddec882a557cd91c0e62a00f07ebb6b4f/5adbdfe47ca3e13f653db16c,2,6f26580dc2463551413ba1c283f29bf8,4cb0aa0e183658b4beebdb2ca058ddddb4262259,,1,57,14
"2018-04-22 03:04:37",100,67,Trojan.Swisyn,,f20f725e62a5ecf9e3039794715fbda5a0a26544c48daa524171a5bc14cd538a,120,AgentServer_no_xtrap.exe,933888,"PE32 executable (GUI) Intel 80386, for MS Windows",,,"Windows 7 64 bit",/sample/f20f725e62a5ecf9e3039794715fbda5a0a26544c48daa524171a5bc14cd538a/5adbedf27ca3e1559a5f452c,2,0775dfccbb5c1cf329978df0da282d0b,c9b544ac4828f03ffb144c00ce028214e5a53b8e,,1,67,70
"2018-04-22 03:02:09",85,-1,,evasive,e0865c3aac922a9500c3d8fe721c7e90f0ae3dc42bb392d702286a605c05481b,100,sems.exe,1262592,"PE32 executable (console) Intel 80386, for MS Windows",www.google.com.tr,172.217.22.67,"Windows 7 32 bit",/sample/e0865c3aac922a9500c3d8fe721c7e90f0ae3dc42bb392d702286a605c05481b/5adbdefb7ca3e13f601c4f13,2,776155a483f31bf454e188c2a9a8e16b,7e7397d6c5b7476af214c7274ea0df1139f79445,,1,,
"2018-04-22 03:00:39",100,85,Ransom.WannaCrypt,phishing,126bda4444c537608617269111cdfb8d9f055f2442377e412fd72fb5a8d6a93c,110,d6a03f076a44f03c2e4f4f0ced71d194,5267459,"PE32 executable (DLL) (GUI) Intel 80386, for MS Wi ...",,,"Windows 7 32 bit (HWP Support)",/sample/126bda4444c537608617269111cdfb8d9f055f2442377e412fd72fb5a8d6a93c/5adbed047ca3e153be4e7a24,2,d6a03f076a44f03c2e4f4f0ced71d194,2584938906fe39051a326bb5ae15267d6a58a07a,,1,85,
"2018-04-22 02:44:16",85,,,phishing,61aa16fbacb0800e66c9c4aa17a00bacd0f044d89e516499dc8780e004a62d4e,100,DOCUMENT.PDF,68745,"PDF document, version 1.7",,,"Windows 7 32 bit",/sample/61aa16fbacb0800e66c9c4aa17a00bacd0f044d89e516499dc8780e004a62d4e/5adbdabf7ca3e139a4020538,2,07c4547c1b9289ee892aa8fc742686d4,42ad8805d61149ff84f786a13bc0c976f556bc1d,,1,0,
"2018-04-22 02:18:37",43,,,,32b6f0e359b92d0dbfc49cab6d4977ea1fa2db8fc94002dbc053411361f7b398,100,for1.exe,276480,"MS-DOS executable",,,"Windows 7 32 bit",/sample/32b6f0e359b92d0dbfc49cab6d4977ea1fa2db8fc94002dbc053411361f7b398/5adbd44e7ca3e1308d26c02b,1,6d55d9ef543af513d6632ffbbfee4e9f,9ab3c96a88972cbe1dcb33aaba63c681b567b9d2,,1,0,
"2018-04-22 02:13:23",00,,,,de87f203fd8e6bdccfca1860a85f283301a365846fb703d9bb86278d8ac96b07,120,trkwks.dll,119808,"PE32+ executable (DLL) (console) x86-64, for MS Wi ...",,2.21.242.213,"Windows 7 64 bit",/sample/de87f203fd8e6bdccfca1860a85f283301a365846fb703d9bb86278d8ac96b07/5adbd3137ca3e130806d3016,0,7e7afd841694f6ac397e99d75cead49d,7064bac464a9d6c18a88838c3eb5122690d5a355,,1,0,0
"2018-04-22 01:55:19",00,,,,b0cc341b9489516d2f978850b0346d6d6cba29bb0567eb7266753c493c4fad57,120,dmvscres.dll,33280,"PE32+ executable (DLL) (console) x86-64, for MS Wi ...",,"95.100.252.17,95.100.252.34,23.62.197.99","Windows 7 64 bit",/sample/b0cc341b9489516d2f978850b0346d6d6cba29bb0567eb7266753c493c4fad57/5adbddba7ca3e13d395bb134,0,40e3edf3df28509ccf6c39a5129c8de3,37f8a49184ae318a29b240331b85627ab8d49bdb,,1,0,0
"2018-04-22 01:52:08",85,01,Trojan.WisdomEyes.16070401.9500,,10644d09b46465da378641e5a9a2efde18dcd52fd375354c5c360fcb27b36b74,120,dolphin-vr-x64-5.0-250.exe,49420493,"PE32 executable (GUI) Intel 80386, for MS Windows, ...",,,"Windows 7 64 bit",/sample/10644d09b46465da378641e5a9a2efde18dcd52fd375354c5c360fcb27b36b74/5adbce7a7ca3e12a8c796803,2,e2e8ece2722dc0036600404094fef7c2,f12d874313623dc46027638b681146e5bacfa252,,1,1,0
"2018-04-22 01:47:02",80,01,Trojan.WisdomEyes.16070401.9500,,10644d09b46465da378641e5a9a2efde18dcd52fd375354c5c360fcb27b36b74,100,dolphin-vr-x64-5.0-250.exe,49420493,"PE32 executable (GUI) Intel 80386, for MS Windows, ...",,,"Windows 7 32 bit",/sample/10644d09b46465da378641e5a9a2efde18dcd52fd375354c5c360fcb27b36b74/5adbcd517ca3e129585043bc,1,e2e8ece2722dc0036600404094fef7c2,f12d874313623dc46027638b681146e5bacfa252,,1,1,0
"2018-04-22 01:37:07",00,,,,b8dab8aa804fc23021bfebd7ae4d40fbe648d6c6ba21cc008e26d1c084972f9b,120,UI0Detect.exe,40960,"PE32+ executable (GUI) x86-64, for MS Windows",,,"Windows 7 64 bit",/sample/b8dab8aa804fc23021bfebd7ae4d40fbe648d6c6ba21cc008e26d1c084972f9b/5adbd9727ca3e137e65c9273,0,3cbdec8d06b9968aba702eba076364a1,6e0fcaccadbdb5e3293aa3523ec1006d92191c58,,1,0,0
"2018-04-22 01:26:52",26,-1,,,608b2e9efc75f37dedc1c33119c19aa3cfd08512dc38c0efefe9e67d604ca0f7,120,mach2.exe,585216,"PE32 executable (console) Intel 80386, for MS Windows",,"87.243.6.144,87.243.6.145","Windows 7 64 bit",/sample/608b2e9efc75f37dedc1c33119c19aa3cfd08512dc38c0efefe9e67d604ca0f7/5adbc8a37ca3e121cf63efd9,1,d779ae9a7ddca8b69e3eaf0e25b77390,b3ff74218f3f7f1da7a1f7a7b9c4ae04948a403f,,1,,
"2018-04-22 01:21:20",100,-1,,"njrat,rat",f0c17cf989c68c98df2c82a67aae4acd89468cce43e6961d7d4459bdaabcc486,110,e1ccae4155fb34d27c381860ef6163c8,24064,"PE32 executable (GUI) Intel 80386 Mono/.Net assemb ...",,,"Windows 7 32 bit (HWP Support)",/sample/f0c17cf989c68c98df2c82a67aae4acd89468cce43e6961d7d4459bdaabcc486/5adbc7597ca3e11fae49a78a,2,e1ccae4155fb34d27c381860ef6163c8,36b3fd302432b241f0de9a38679f6bfdda7c6f94,,1,,
"2018-04-22 00:48:54",02,-1,,,0996e72a3a70214824e70f822d4e1051f154f552fa27be7d781726797350fc4c,100,"Invitation to Self-Identify - 2018.pdf",1407720,"PDF document, version 1.7",,,"Windows 7 32 bit",/sample/0996e72a3a70214824e70f822d4e1051f154f552fa27be7d781726797350fc4c/5adbbfbe7ca3e1152c5339f3,0,d3b9d78b56ee8a41be931e8f88d01853,326220657b3384f6dba168bc7530fec1987fd117,,,,
"2018-04-22 00:45:08",15,-1,,,10140988d035fd3fd3a8e6176bb6e851c33b046b1a38013bd914b9ccab4f6678,100,Verslag2.docx,14940,"Zip archive data, at least v2.0 to extract",,,"Windows 7 32 bit",/sample/10140988d035fd3fd3a8e6176bb6e851c33b046b1a38013bd914b9ccab4f6678/5adbcd397ca3e129585043b8,1,9c723b6f8687ade4235e1f37b9965ad2,8edc00cb6b680351b9c0b502c15843eade941ed6,,1,,
"2018-04-22 00:42:48",31,-1,,,48629592c50af2d271dc40cae796dcd69400650ad9095bcbd1f8d11bf6aacd35,100,utorrent.exe,393728,"PE32 executable (GUI) Intel 80386, for MS Windows, ...",,,"Windows 7 32 bit",/sample/48629592c50af2d271dc40cae796dcd69400650ad9095bcbd1f8d11bf6aacd35/5adbccb67ca3e1278b49fb61,1,ad3e2349a105068e0e7c57e15bde9f1a,273b8a0cbf96a2c6aeadcb025f451439a8c447a5,,,,
"2018-04-22 00:40:52",11,,,,6ec8b7b30f97c7b3a06e2693029c8651e9caa0f3455374a05eecd61c8ed89812,120,HIEW32.EXE,435200,"PE32 executable (console) Intel 80386, for MS Windows",,"2.21.242.196,2.20.131.136,184.25.216.99","Windows 7 64 bit",/sample/6ec8b7b30f97c7b3a06e2693029c8651e9caa0f3455374a05eecd61c8ed89812/5adbbdda7ca3e113280e4883,0,c7fd9ccdce2abbd0977d83169956c65f,cdbc20ec9e6800fa0d9e7be6f60dd86b29f7a350,,1,,0
"2018-04-22 00:37:24",11,-1,,,54540171cbaabff8296e2a776928464a2f06564780a70d7b2529baddfc7d61f4,120,pikor.dll,4844032,"PE32 executable (DLL) (GUI) Intel 80386, for MS Wi ...",,"213.133.184.107,213.133.184.115","Windows 7 64 bit",/sample/54540171cbaabff8296e2a776928464a2f06564780a70d7b2529baddfc7d61f4/5adbbcff7ca3e1103d47fb36,0,fbb0a6db995e199ac4ed2b098a71a3fa,f250c32a190057e01f40b354d8240860a0736254,,1,,
"2018-04-22 00:31:05",71,06,PCClean,,b96178dbdb8a4a592dfea9efcda06cfbaf3f0d2c9bb19b4c2df920a0f7ebe527,100,Setup_WinThruster_2018.exe,23086408,"PE32 executable (GUI) Intel 80386, for MS Windows",,,"Windows 7 32 bit",/sample/b96178dbdb8a4a592dfea9efcda06cfbaf3f0d2c9bb19b4c2df920a0f7ebe527/5adbbb877ca3e10dfd200993,2,0fc75b5a793e226dd63f2f92537bf9a0,7f50f4039365c8c345d92247294312aaf8cfc3cc,,1,,6
"2018-04-22 00:30:24",90,61,TrojanDldr.Banload.QGZ,,768944488cefa098e26d592d88b91f59fe67255b17dcbfec1c21becb80ddabe9,110,suspicious8.exe,911872,"PE32 executable (GUI) Intel 80386, for MS Windows","www.xvideos.com,www.boc.idrett.no",,"Windows 7 32 bit (HWP Support)",/sample/768944488cefa098e26d592d88b91f59fe67255b17dcbfec1c21becb80ddabe9/5adbbb6c7ca3e10ed57e59e3,2,bba4e2ba5f5843d84ac61c7786b61b80,a37f7a005191eddb06608d55bbaea92a5859be0d,,1,,61
"2018-04-22 00:21:13",12,,,,68c07aca9106a43c870322c9d5cc44609b786586c92b758fc5c14296b09889b5,120,uplay_r1_loader64.dll,27136,"PE32+ executable (DLL) (console) x86-64 (stripped  ...",,2.21.242.213,"Windows 7 64 bit",/sample/68c07aca9106a43c870322c9d5cc44609b786586c92b758fc5c14296b09889b5/5adbb9377ca3e10a6337f297,0,d141f4612dc4d021a28813ec84294dc3,33ffcdef0e6966c0d63341854283f9c47c3bd2b2,,1,,0
"2018-04-22 00:20:23",85,,,,8afa6bc6568c8c846a97089ed34c029bf5980bb33c82da6b9fc4b62247477c5b,120,setup_pillars_of_eternity_2.13.0.18.exe,33779712,"PE32 executable (GUI) Intel 80386, for MS Windows",,,"Windows 7 64 bit",/sample/8afa6bc6568c8c846a97089ed34c029bf5980bb33c82da6b9fc4b62247477c5b/5adbb9077ca3e10bab357ee3,2,cc1f8735726242579958b22f0edc62f2,5d3fbc677e66346d1f31c03cdebe6a8063a78726,,1,,0
"2018-04-22 00:20:06",54,-1,,,d3c0783a12faf7d0065fd03ed7e207d50941dc6d2a2430f979248f06bfab8e50,120,cdRrOQCR.exe,1534976,"PE32 executable (GUI) Intel 80386 Mono/.Net assemb ...",hellfire.site,"155.94.234.2,155.94.234.2","Windows 7 64 bit",/sample/d3c0783a12faf7d0065fd03ed7e207d50941dc6d2a2430f979248f06bfab8e50/5adbc7697ca3e11ff91acf47,1,f957eafbced61350cd1703d1f0a98ca4,ec8f6e85d2c12ea0dd1da9c5592c3ad827085a03,,1,,
"2018-04-22 00:16:09",70,-1,,,e287a424136712da1d8c77b8fdd90d242e574f380fdf7d7477b3a42ad82cd095,100,3211.exe,159748,"PE32 executable (GUI) Intel 80386 system file, for ...",,61.19.254.63,"Windows 7 32 bit",/sample/e287a424136712da1d8c77b8fdd90d242e574f380fdf7d7477b3a42ad82cd095/5adbb8097ca3e10a4520f263,2,276098ae7aa5e1f5551458224e71fd89,49188510efeb921b73137e873dd78b5fffcb5d2e,,1,,
"2018-04-22 00:15:02",54,-1,,"njrat,rat",3f235a1617398955838c1a35d3d51fb223f350858fc30e8c2a43a5130cd42177,110,ffa19e8b5ffa4fa52d16191e99f992ad,24064,"PE32 executable (GUI) Intel 80386 Mono/.Net assemb ...",,,"Windows 7 32 bit (HWP Support)",/sample/3f235a1617398955838c1a35d3d51fb223f350858fc30e8c2a43a5130cd42177/5adbc6357ca3e11faf308be5,2,ffa19e8b5ffa4fa52d16191e99f992ad,82f99a016da77119efdf3fc56c1ac8abcf1d138d,,1,,
"2018-04-22 00:08:50",53,,,evasive,c987318ad08cfc644a7b5abf9184135923ca8fbeace6001c0555c6eee5a0d8a9,100,TeamViewer.exe,42099352,"PE32 executable (GUI) Intel 80386, for MS Windows",,,"Windows 7 32 bit",/sample/c987318ad08cfc644a7b5abf9184135923ca8fbeace6001c0555c6eee5a0d8a9/5adbc4ad7ca3e11cee00af87,0,fb463e632ba41fb139999032c6ec2746,a39c9b8e14bc49d7ac221c77272e83d358876d3f,,1,,0
"2018-04-22 00:08:20",70,-1,,evasive,620e519ef85f08b87eb648a801208381a5b6b4b4c3c71e010eda05869cca7725,100,yynote.exe,950784,"PE32 executable (GUI) Intel 80386 Mono/.Net assemb ...","www.baidu.com,coolaf.com","123.207.167.163,103.235.46.39,123.207.136.134","Windows 7 32 bit",/sample/620e519ef85f08b87eb648a801208381a5b6b4b4c3c71e010eda05869cca7725/5adbb63d7ca3e107346ddc16,2,796db0f18ad0f5af18e01258d10559fb,384dc8faedfa6525a529ceaef3494fa4ce4b918a,,1,,
"2018-04-22 00:07:24",48,07,Trojan.IGENERIC,,7b36538323cec0b6512d2548ba3d164a3d80e47a67156344949ae33b4f68921f,100,,182784,"PE32 executable (GUI) Intel 80386, for MS Windows, ...",,,"Windows 7 32 bit",/sample/7b36538323cec0b6512d2548ba3d164a3d80e47a67156344949ae33b4f68921f/5adbc47ede71add1dec0b9bb,1,df04ccd45bfe2bdf0bcbb163ec5bc9d1,012e3606e1275a52b14e9f89c02d8d1a9831eb1d,,1,,7
"2018-04-22 00:05:04",51,-1,,"njrat,rat",d4cb5d26098c3652061a966a60266705fb8a3f214531447ab91281afdb2ee618,110,dbec3955f457f87bc775898875aa831c,29696,"PE32 executable (GUI) Intel 80386 Mono/.Net assemb ...",,,"Windows 7 32 bit (HWP Support)",/sample/d4cb5d26098c3652061a966a60266705fb8a3f214531447ab91281afdb2ee618/5adbc3e17ca3e11c5464e244,2,dbec3955f457f87bc775898875aa831c,556d5190c2d1afc11e8a177682ef51cda5702784,,1,,
"2018-04-22 00:04:08",00,-1,,,e2378aa4c65bdf8ad32ad52c8ad90c6886b8222ba5b11c8b08a62e095e15442d,120,,14468,"Microsoft Word 2007+",,,"Windows 7 64 bit",/sample/e2378aa4c65bdf8ad32ad52c8ad90c6886b8222ba5b11c8b08a62e095e15442d/5adbb558de71add1dec0b99f,0,21c8fa41562060071b275180ea1cc4b7,338c8320c96946284a42010027b6753b3595df75,,1,,
"2018-04-21 23:59:37",00,,,,15099976118e7caa876f4d33fc948e29009509115557a62a9c897024dc62d26d,120,WhatInStartup.exe,131168,"PE32+ executable (GUI) x86-64, for MS Windows",,,"Windows 7 64 bit",/sample/15099976118e7caa876f4d33fc948e29009509115557a62a9c897024dc62d26d/5adbc2937ca3e119c20b9363,0,61f69c0c83c2e8e86b63b79965783a78,86d71bd90fea9da846923a0cb4987a0a83d9293d,,1,,0
"2018-04-21 23:57:37",13,-1,,,cc826f93c0e3874f63bbbc06399e83a534c1543e4dba8f0a182bd88bba49a7c1,120,jumanji-bienvenidos-a-la-jungla-HDRip-1_96gb.torrent.vbe,1805182,data,,,"Windows 7 64 bit",/sample/cc826f93c0e3874f63bbbc06399e83a534c1543e4dba8f0a182bd88bba49a7c1/5adbc21f7ca3e117e9449e17,0,292c69ff4431f505933da65789ac6081,df314c2eec9612ca8f78e8366f603ff3a5572061,,1,,
"2018-04-21 23:51:41",70,-1,,,b00ae9d998025d6f81fd56aefdbee2d4eee0294c34fbac7351ef63bf94cc4b42,100,Downloader.exe,12288,"PE32 executable (GUI) Intel 80386, for MS Windows, ...",down.kingminer.club,173.208.202.234,"Windows 7 32 bit",/sample/b00ae9d998025d6f81fd56aefdbee2d4eee0294c34fbac7351ef63bf94cc4b42/5adbc0bb7ca3e115b33e3e13,2,b3ad9f66d98dfa3abb8dab798d9f7c22,64e17e642988826fa1a885b8d341e8752a94361a,,1,,
"2018-04-21 23:47:52",70,-1,,evasive,e0a2fd129901151ec6ec4945f2bc9ea2f350a056367452da15f7163841d76d0f,100,NoFile.exe,25600,"PE32 executable (GUI) Intel 80386 Mono/.Net assemb ...",fsociety3101.zzz.com.ua,5.79.66.145,"Windows 7 32 bit",/sample/e0a2fd129901151ec6ec4945f2bc9ea2f350a056367452da15f7163841d76d0f/5adbb1757ca3e17ef5463903,2,a0780a84ca3d269ef8f24116a554b114,0ac02febce3fe5929ee856fbabf35d557ab8ea30,,1,,
"2018-04-21 23:47:10",35,-1,,phishing,3ea5d03a5169d6fe47f6334273d11a9c254a7c3dc650f5b7e208ec1d096d7960,100,"Hotline Poster - Standard.pdf",394278,"PDF document, version 1.6",,,"Windows 7 32 bit",/sample/3ea5d03a5169d6fe47f6334273d11a9c254a7c3dc650f5b7e208ec1d096d7960/5adbbfa37ca3e114c034aee3,1,a8ad89e93232b2726844ebd01ea16792,1ded67017bbd810fef9f7042cc982882afd41647,,1,,
"2018-04-21 23:37:07",42,-1,,,02997236554f53a11831d4ed87e0661ae9f06eff3d9cea19aa6a326433a05f75,100,c.exe,715264,"PE32 executable (GUI) Intel 80386, for MS Windows",,,"Windows 7 32 bit",/sample/02997236554f53a11831d4ed87e0661ae9f06eff3d9cea19aa6a326433a05f75/5adbbd557ca3e110172d4728,1,1c69380196fbe9df1d02d1f951191bdd,4bc5005505ff98d2baa30a13cc0be1829901ef8f,,1,,
"2018-04-21 23:27:12",100,-1,,evasive,a42c2ac43da7d450ce0d3296ceb8ba6e104dc15059c9a3c849437a572f0c2fca,100,foxit-pdf-editor_2.2.1.1119_32_soft32.exe,913432,"PE32 executable (GUI) Intel 80386, for MS Windows","ocsp.entrust.net,flow.lavasoft.com",104.17.60.19,"Windows 7 32 bit",/sample/a42c2ac43da7d450ce0d3296ceb8ba6e104dc15059c9a3c849437a572f0c2fca/5adbac8e7ca3e177830745f6,2,a3f0a29580430afc79e197d25e1cf72b,1f554c006cdc3125ea824be58e4e585d93e73ec6,,1,,
"2018-04-21 23:27:09",33,,,,d732f90043d4099856f7ff0192d18a6a6837c183108c45cc78f072292c54c00f,100,"saberinstaller (1).exe",1957040,"PE32 executable (GUI) Intel 80386, for MS Windows",,,"Windows 7 32 bit",/sample/d732f90043d4099856f7ff0192d18a6a6837c183108c45cc78f072292c54c00f/5adbbafc7ca3e10dbd5aa966,0,7529bf17445e16315a95b450ce985c11,3a930f5294996ff0774d9f43218d2e588f24e5e9,,1,,0
"2018-04-21 23:26:01",00,-1,,,02ee4ab13b71a8fc82af3cc8d10f07ed058c95cb88e05a1162a6c93a6db631bc,100,notifications.pdf,108471,"PDF document, version 1.3",,,"Windows 7 32 bit",/sample/02ee4ab13b71a8fc82af3cc8d10f07ed058c95cb88e05a1162a6c93a6db631bc/5adbac587ca3e176860f1683,0,0bca5f643b64565dd889c82a4e7403af,6ab15f6f6c4a4504b09d788564c91f86b6028010,,1,,
"2018-04-21 23:19:34",16,,,,581dfe4949cb360db1897a40fd9c7c063bbbea689216184b1c582ca68b9c443a,120,FarCry5.exe,211144,"PE32+ executable (GUI) x86-64, for MS Windows",,,"Windows 7 64 bit",/sample/581dfe4949cb360db1897a40fd9c7c063bbbea689216184b1c582ca68b9c443a/5adbb9337ca3e10b91175653,0,f23fc6dc330c0406b1ae94a369fce50c,a5bf6a6e6e864b3612782258867fb5b4a8a36be6,,1,,0
"2018-04-21 23:14:21",75,-1,,,91529e7481c940fefdbc8380a8a7d0d964756eb72e9fe82f567711c9cd122c94,120,"STAMP487 Setup.exe",45109000,"PE32 executable (GUI) Intel 80386, for MS Windows","freeyourmusic.com,fonts.gstatic.com,fonts.googleapis.com,api.segment.io","172.217.22.74,54.192.197.38,172.217.22.67,54.69.8.141","Windows 7 64 bit",/sample/91529e7481c940fefdbc8380a8a7d0d964756eb72e9fe82f567711c9cd122c94/5adba98d7ca3e1720144f044,2,9e040b022751719cd702a3d70000d6a4,959ccca2e46906b797c1da66bf9d6e7bc90c6891,,1,,
"2018-04-21 23:08:59",100,-1,,,b79ca59405fcfd607efc85d506e9b8f1d481bb3ee6f24eb6564d90e0661d256d,100,tdsskiller.exe,4944595,"PE32 executable (GUI) Intel 80386, for MS Windows",support.kaspersky.com,"185.85.15.30,185.85.15.30","Windows 7 32 bit",/sample/b79ca59405fcfd607efc85d506e9b8f1d481bb3ee6f24eb6564d90e0661d256d/5adbb6bd7ca3e106ff679348,2,34bb0d8769a4189be2ab55f4c1893315,aa5bde701742a9bd19f981e6c2fe15ba326cbb41,,1,,
"2018-04-21 22:46:10",42,-1,,"ransomware,wanacrypt0r,wannacry,wcry",340af97a306b8b130cfd8141d9528f67d29de76d7062083f11c6cf60d35440b6,110,27b0ceb12caf20c9c70aeb72563389e3,5267459,"PE32 executable (DLL) (GUI) Intel 80386, for MS Wi ...",,,"Windows 7 32 bit (HWP Support)",/sample/340af97a306b8b130cfd8141d9528f67d29de76d7062083f11c6cf60d35440b6/5adba3007ca3e16633339efa,1,27b0ceb12caf20c9c70aeb72563389e3,3b6db29455f89f384f50b95b6e60224ee1ccdb03,,1,,
"2018-04-21 22:42:48",65,-1,,,e6cff62a0e8e7c654eec97093a1295773f223cd3a6a11f65c91491cfbd6be751,100,"NjRat 0.7D Danger Edition.exe",8640512,"PE32 executable (GUI) Intel 80386 Mono/.Net assemb ...",,,"Windows 7 32 bit",/sample/e6cff62a0e8e7c654eec97093a1295773f223cd3a6a11f65c91491cfbd6be751/5adbb08b7ca3e17b4104bbfc,1,eda04645089d60f5cb602c8012a33e07,85ae9d1a404d0a2063bee3d8d7bb9bef233fa71a,,1,,
"2018-04-21 22:40:58",02,-1,,,c9e34fd7c5258fe390874dc16c124a6d111db9099cf0cd627d24e5c8965c003b,120,"BotOP [Clik me].jar",11264058,"Java archive data (JAR)",,,"Windows 7 64 bit",/sample/c9e34fd7c5258fe390874dc16c124a6d111db9099cf0cd627d24e5c8965c003b/5adbb0277ca3e17cf5239843,0,dad5c81e391355e44978d4ff8e3275c2,773a2094a3c433983b401a63fd34d2df9f63bfc3,,1,,
"2018-04-21 22:38:33",00,-1,,,d461e475a9ac1e17bf18a6aadac538d3048a9f7a168ba20432708d0a5e496cca,100,DownloadManager.exe,30720,"PE32 executable (GUI) Intel 80386 Mono/.Net assemb ...",,,"Windows 7 32 bit",/sample/d461e475a9ac1e17bf18a6aadac538d3048a9f7a168ba20432708d0a5e496cca/5adbaf947ca3e17aad3ef6b6,0,93a3e767e5e30e2fc0797787f92b904a,8a35aac34c39466f4c4e50781dd82beca4b7f14b,,1,,
"2018-04-21 22:37:34",100,60,Gen:Variant.Zusy,evasive,33910d2842608c2b7081634a4b25933599251b6a107761892158d80097d90987,100,"extrimhack_17.04.2018_v2 (3).exe",3658752,"PE32 executable (console) Intel 80386, for MS Windows",co61466.tmweb.ru,92.53.125.77,"Windows 7 32 bit",/sample/33910d2842608c2b7081634a4b25933599251b6a107761892158d80097d90987/5adba0fd7ca3e1618f152729,2,c52eac565847d4f9b14081614040adcd,32f24971397923534d6e0baac2be7c4eb79b21a1,,1,60,
"2018-04-21 22:31:10",65,,,,e40265e57eaaa58ed75ef612b45dc840fae3795b4ddc0cdb20275912c38bbef7,120,tixati-2.57-1.win64-install.exe,14518936,"PE32 executable (GUI) Intel 80386, for MS Windows",,,"Windows 7 64 bit",/sample/e40265e57eaaa58ed75ef612b45dc840fae3795b4ddc0cdb20275912c38bbef7/5adb9f737ca3e1607d6cbd14,1,e2c1938a443c14516ea9738e772ecfce,3c168d8039306a3b2f17982b333301e951aaafc0,,1,0,0
"2018-04-21 22:28:35",43,,,,e8f6acada179e757f2310312edaa28b382a74f734bdd06f675b0fed9d0e54e16,100,ncftp.exe,312832,"PE32 executable (console) Intel 80386, for MS Windows",,,"Windows 7 32 bit",/sample/e8f6acada179e757f2310312edaa28b382a74f734bdd06f675b0fed9d0e54e16/5adb9ed17ca3e15fa900ab43,0,df998265be18f36d6120a58187adf5f8,5ce863282dd6ea07b62b9ebc098bdea6c16b928d,,1,0,
"2018-04-21 22:22:39",09,,,,a8160bac4e49a55f2d1c69944b00931cb922cc6d46021ecbc3af5ff77601f4b4,100,marvin.exe,103080,"PE32 executable (GUI) Intel 80386, for MS Windows",,,"Windows 7 32 bit",/sample/a8160bac4e49a55f2d1c69944b00931cb922cc6d46021ecbc3af5ff77601f4b4/5adb9d697ca3e15d7a22ab23,0,e3f0a294d82966d0dd9fd115dd4b7a90,22fb782f555bfe5e4ae827ec3d3b468819e6d115,,1,0,
"2018-04-21 22:22:09",52,,,,1f89f1c18be447c8df3c2f8d5e9d0946c509a12fc3e1b534823ef3ccda823ea0,100,CreditCarder.exe,253440,"PE32 executable (GUI) Intel 80386 Mono/.Net assemb ...",,,"Windows 7 32 bit",/sample/1f89f1c18be447c8df3c2f8d5e9d0946c509a12fc3e1b534823ef3ccda823ea0/5adbabb97ca3e17583752ae9,1,73a3a73ab1ef153fde91f1867668fcc7,1170dab02d05cbc95cff4c938791caae0a621ee4,,1,,0
"2018-04-21 22:21:58",40,-1,,"backdoor,empire",a7cb65d115668903751115530dd7a46bd036c2d6adff66bdbc2e83ec1fbfc705,100,asd.ps1,2466,"ASCII text, with very long lines, with CRLF line t ...",,,"Windows 7 32 bit",/sample/a7cb65d115668903751115530dd7a46bd036c2d6adff66bdbc2e83ec1fbfc705/5adbabb07ca3e175860e0863,1,3cef6c020070cdb18d65d1a04c8d57eb,74021875107f7f674a91f8ee455b382b0402c235,,1,,
"2018-04-21 22:21:09",100,86,Exploit.CVE,"exploit,phishing,ransomware,wanacrypt0r,wannacry,wcry",e991ac69bbd5787e47c67c24c6255fcc4b800b3407979756eae9bb60704f2b63,110,1eda54cfb8a2145505d3fe8b5b789ac9,5267459,"PE32 executable (DLL) (GUI) Intel 80386, for MS Wi ...",,,"Windows 7 32 bit (HWP Support)",/sample/e991ac69bbd5787e47c67c24c6255fcc4b800b3407979756eae9bb60704f2b63/5adb9d227ca3e15d575af474,2,1eda54cfb8a2145505d3fe8b5b789ac9,fe0e45f753d670e70a7476691d779190842a59b9,,1,86,
"2018-04-21 22:18:39",100,33,Generic.PwShell.Rozena.2,"backdoor,empire",c6c2a5deea01458cade2bfc489cf7c7e577b818b3d9c004858bedd093064f7c3,100,deneme2.ps1,2525,"ASCII text, with very long lines, with CRLF line t ...",,,"Windows 7 32 bit",/sample/c6c2a5deea01458cade2bfc489cf7c7e577b818b3d9c004858bedd093064f7c3/5adb9c6a7ca3e15bf47206f3,2,61ee7f5c0e5fc18df7c9b0f4652e57f6,a100529dc3721c6c19dbd32426dba1e5a132802c,,1,33,
"2018-04-21 22:17:48",87,10,InstallCore.Gen,installcore,1590cb8f3f76d036b588a5a26f5f2433b5b286062b5aabb6a0d3d9374663b5b8,100,Image-Converter-.EXE_3.0.0.4_0289372030.exe,1913845,"PE32 executable (GUI) Intel 80386, for MS Windows",,,"Windows 7 32 bit",/sample/1590cb8f3f76d036b588a5a26f5f2433b5b286062b5aabb6a0d3d9374663b5b8/5adb9c527ca3e15a503ea4f9,2,8ce5ea859afe8fc6ed7eaad32a2d53ec,1e777de79e68841131a0c8ed7fac3861e5e4147e,,1,10,7
"2018-04-21 22:03:38",00,-1,,,706a8caf755b06477aeb996e3d010cb58f463d512ee71e20fc08fd75be01574b,100,No_imaginas_cuánto_me_complace_rodearme.pdf,631440,"PDF document, version 1.5",,,"Windows 7 32 bit",/sample/706a8caf755b06477aeb996e3d010cb58f463d512ee71e20fc08fd75be01574b/5adba76b7ca3e16e3b45c5d3,0,9b60a62b10b952279cb3811f14a0ceab,998a847f034dfdb71619710ae2b6c9f010c138bf,,1,,
"2018-04-21 22:02:57",21,-1,,,400cdfbafcf5a9734d42c71a64787f8ce565f5c0d87e83913c0a8bfac6be79e4,120,"Sebastian Krause 18.04.2018 Klarna.com",528896,"PE32 executable (GUI) Intel 80386, for MS Windows",,,"Windows 7 64 bit",/sample/400cdfbafcf5a9734d42c71a64787f8ce565f5c0d87e83913c0a8bfac6be79e4/5adba73e7ca3e16e381838c3,0,f47fe95ebbca5623d75ed1af425290df,7305d0e63bfeac9bdc809c965a91ba271d7c9d88,,,,
"2018-04-21 22:01:56",100,52,Gen:Variant.RevengeRat,evasive,a7c709c42623986db29d5933356099ac02313b70702ebee5107a715e022dfcc1,110,18e5457da95cf6e8487a0e92e93a2a40,22016,"PE32 executable (GUI) Intel 80386 Mono/.Net assemb ...",svchost30.ddns.net,41.233.89.209,"Windows 7 32 bit (HWP Support)",/sample/a7c709c42623986db29d5933356099ac02313b70702ebee5107a715e022dfcc1/5adb98a07ca3e1544d298c5b,2,18e5457da95cf6e8487a0e92e93a2a40,9ccd5debdc1dbbef6ea720fbe69d40c4ead19225,,1,52,
"2018-04-21 21:55:31",02,-1,,,71012144a2b0ddd8c15c0e0775806c7e7001e60b9145d422a3d72d1d303971ca,100,maroonion.jar,996379,"Java archive data (JAR)",,,"Windows 7 32 bit",/sample/71012144a2b0ddd8c15c0e0775806c7e7001e60b9145d422a3d72d1d303971ca/5adba57c7ca3e167d02c7814,0,4a199c8ea46853a8e1100b45664607e7,363a39e2b23872e1c47c45fb9d1c006e63d3d35d,,1,,
"2018-04-21 21:54:53",100,34,Gen:Variant.Razy,,3fe8a976d8d3378366b845f75a0aa0dd4340d99c57dbe286bb21b6228cfe0d62,100,extrimbeta1.exe,7081472,"PE32 executable (GUI) Intel 80386, for MS Windows",,,"Windows 7 32 bit",/sample/3fe8a976d8d3378366b845f75a0aa0dd4340d99c57dbe286bb21b6228cfe0d62/5adb96f87ca3e1527f3eddd3,2,51c05e8001bef915c32dcda106d10946,f6da1b919f01d2944b81a0191df90eafe45700a2,,1,34,
"2018-04-21 21:46:55",100,86,Ransom.WannaCrypt,"phishing,wanacrypt0r,wannacry,wcry",db249e56f218d91283b08fcc3eb1a0321681aa34b680127a2598f3174c52d4b6,110,6c6cd56cfa19d3e6e2712b6ce3758469,5267459,"PE32 executable (DLL) (GUI) Intel 80386, for MS Wi ...",,,"Windows 7 32 bit (HWP Support)",/sample/db249e56f218d91283b08fcc3eb1a0321681aa34b680127a2598f3174c52d4b6/5adb95107ca3e14b945cd0fb,2,6c6cd56cfa19d3e6e2712b6ce3758469,ab1b0962e248b95bd12783e44f3aa6e01ebe070e,,1,86,
"2018-04-21 21:39:42",100,02,Unsafe,,3fbadc5bf8b831ee778602c32f95d924168e959e361f6cc3a65f85b5c7da037f,110,"Far Cry 5 Trainer Setup.exe",98704,"PE32 executable (GUI) Intel 80386, for MS Windows","storage-cdn.wemod.com,ocsp.trust-provider.com,ocsp.comodoca4.com,api.wemod.com","104.24.27.12,178.255.83.1,95.101.80.81","Windows 7 32 bit (HWP Support)",/sample/3fbadc5bf8b831ee778602c32f95d924168e959e361f6cc3a65f85b5c7da037f/5adb93677ca3e14dc34a27f3,2,848f8cc80c70d9024392a9fa877ae51a,52d3a8fd72c02c9bd445ecb053209879630a1a97,,1,2,
"2018-04-21 21:37:11",100,,,,4e25b85bdff195a62a33a216c6209540dfc7401783379796f0babf14daa41397,120,yawcam_install.exe,4810324,"PE32 executable (GUI) Intel 80386, for MS Windows",www.yawcam.com,62.119.66.46,"Windows 7 64 bit",/sample/4e25b85bdff195a62a33a216c6209540dfc7401783379796f0babf14daa41397/5adba1327ca3e161ef66ffb8,2,e215ae01eb8d94531d3ae3794cbd8954,5518ccf9b84584d5d4d5afdf3542436687cad94b,,1,0,
"2018-04-21 21:33:07",99,24,PUP.Optional.InstallCore,"installcore,pua",6e7c54163b01cae15789f3084f65d06977a4f84f7d4d45c1bd90a8aaf2e3f97b,110,MfsQmH55HG8WLaZGickiepCbG4tFl1UAngKEEKymtmOxSGD6tzphMZkqD2q1EQjmrpVMj0ig8z_6kf0bYuuc0B6iWGgo76_KMb91AfjVVDD8XE4t5vgqYPgfQ6Ss8f8T4WJOVRkOFYs62ECSx1zOs4p4_AsQcryQSEy1t1ZbSf7HMRIDO4yXDlFJ55WP38g7aRcw5PMIo7JTMxPe4vgd7_3JdYCEs1tj47t4IcbjFUAxa6UKfZ5pHT5g7eI8RnM,2244456,"PE32 executable (GUI) Intel 80386, for MS Windows",,,"Windows 7 32 bit (HWP Support)",/sample/6e7c54163b01cae15789f3084f65d06977a4f84f7d4d45c1bd90a8aaf2e3f97b/5adba0447ca3e15fea248cf0,2,a1eb4edcbf98f33a6295f1b3865accfd,74da5d05c553a28fc80d07fb7d6053d8fa6a0d16,,1,24,
"2018-04-21 21:28:41",83,20,Kryptik.GFUI,,345777966e2a3bf2274c7ae09a0a4b3ad7fb0a407d387b330f11c671c457196a,100,Jester_Engine_MMap.exe,1782744,"PE32 executable (GUI) Intel 80386, for MS Windows",,,"Windows 7 32 bit",/sample/345777966e2a3bf2274c7ae09a0a4b3ad7fb0a407d387b330f11c671c457196a/5adb9f2c7ca3e15a3705c4e3,2,70d841ae53e9e114ccf19e2009958650,89e812156f7060db2c3f523a61c42178cc45dec9,,1,20,
"2018-04-21 21:26:03",100,69,Generic.MSIL.Bladabindi,"njrat,rat",a6bdf75851a73f97e27f7cb423728f253a461ab9a7e32d95ec4d414217efc870,110,2a58d63d0a2c3a2472984d7bb2e6a37d,32768,"PE32 executable (GUI) Intel 80386 Mono/.Net assemb ...","crl4.digicert.com,crl3.digicert.com",66.225.197.197,"Windows 7 32 bit (HWP Support)",/sample/a6bdf75851a73f97e27f7cb423728f253a461ab9a7e32d95ec4d414217efc870/5adb90357ca3e14811596f54,2,2a58d63d0a2c3a2472984d7bb2e6a37d,2e6a07ba9e5794613550c5509496caea8250b9ad,,1,69,
"2018-04-21 21:22:56",65,-1,,evasive,ecef97196f4631397d5428af3995cabe4af7172040d1c5b12b9d8783cc3c34ea,100,"osu! dejavu.exe",1679872,"PE32 executable (console) Intel 80386, for MS Windows",,,"Windows 7 32 bit",/sample/ecef97196f4631397d5428af3995cabe4af7172040d1c5b12b9d8783cc3c34ea/5adb8f7c7ca3e1457415e443,2,d5181bcf41345c6cdb6c0fc8b1d23e5a,dd02088c8f283d4b99db7e8d84ff88429d2d0644,,1,,
"2018-04-21 21:12:34",76,05,FileRepMalware,,2904f8515e0e2082d31e3b3d1ed9f3489ae984f2cba6ba2977173d2404eaba7b,120,"Setup IDBE Ribbon Creator2016_x64_V1.1003b.exe",16048701,"PE32 executable (GUI) Intel 80386, for MS Windows","www.ribboncreator2016.de,www.ribboncreator2013.de","83.169.40.234,95.143.172.16","Windows 7 64 bit",/sample/2904f8515e0e2082d31e3b3d1ed9f3489ae984f2cba6ba2977173d2404eaba7b/5adb9b6a7ca3e1575637295b,2,7837de38194770b3e5a6f8221bbb75a9,8c6143f4a7627f12d1a6efe2f6d24805ace48b0f,,1,5,
"2018-04-21 21:12:11",16,-1,,,9ac168ce19a2d5440865197a12442820aa0cb11947d66963eb4163c58b717a24,100,ExtrimBeta1.exe,1782744,"PE32 executable (GUI) Intel 80386, for MS Windows",,,"Windows 7 32 bit",/sample/9ac168ce19a2d5440865197a12442820aa0cb11947d66963eb4163c58b717a24/5adb9b577ca3e15a5a577603,0,59d69e3879417d757614da7418cbdf07,5d297b45a18624a669c5f6ebee6c03a3aae0c46b,,,,
"2018-04-21 20:58:29",27,-1,,,1df250b8e1d9f7f1d3f10f4ac5b19dbb7795121cdcaeaea350e2ef023f3eb754,100,Simpoclick.exe,17920,"PE32 executable (GUI) Intel 80386 Mono/.Net assemb ...",,,"Windows 7 32 bit",/sample/1df250b8e1d9f7f1d3f10f4ac5b19dbb7795121cdcaeaea350e2ef023f3eb754/5adb98267ca3e154bf556553,1,3db3d80356f2a4a21a91886fd5d4cc63,5625543df8b54e1e72fe5a924d09135a293f271e,,1,,
"2018-04-21 20:46:41",12,,,,3004b783aa43563b8b26aa00a0df15d3864ecd0733bcf8837b2d5c43e921bc27,100,VZOR_DAROVACI_SMLOUVA_vecny_dar_1_1_2014-ms20exil.doc,36352,"Composite Document File V2 Document, Little Endian ...",,,"Windows 7 32 bit",/sample/3004b783aa43563b8b26aa00a0df15d3864ecd0733bcf8837b2d5c43e921bc27/5adb86ff7ca3e1376e252603,0,7341dd7c6eacbc195f625a4cf091f34f,4b69328728308e492e6b46459f02e90e9cf456d9,,1,0,
"2018-04-21 20:45:54",100,,,,528891c0557e9e98dde918d596d4cedb7d4cc48d8c67e64ff9856cd6d5fc0da3,120,"microsoft-office-2016-preview-64-bit-en-win (1).exe",3920568,"PE32+ executable (GUI) x86-64, for MS Windows",officecdn.microsoft.com.edgesuite.net,"2.16.4.187,95.101.0.107","Windows 7 64 bit",/sample/528891c0557e9e98dde918d596d4cedb7d4cc48d8c67e64ff9856cd6d5fc0da3/5adb952e7ca3e14faa3e6f13,1,9c12d54b6589cf63d8dfbd96c065ac93,5760edc5ebae2e12a0b6323022cfc31623e68a49,,1,0,0
"2018-04-21 20:39:38",21,16,Generic.PwShell.Rozena.2,,024171366105fa02606128dff0f3a9bb61a7b8e30baaa02781f72c1675942e04,100,deneme.ps1,1886,"ASCII text, with very long lines, with CRLF line t ...",,,"Windows 7 32 bit",/sample/024171366105fa02606128dff0f3a9bb61a7b8e30baaa02781f72c1675942e04/5adb93bb7ca3e14bb71e8429,2,fef4fe2398370dc90f2e2bd3c9eeb7c1,1a59bdf87598d4ec67e885bb7b4c6c83334b2a48,,1,16,
"2018-04-21 20:20:15",54,,,,d2ffc94d40c16802df8292288571603aebd2af1a5292661f520c44c4f81c7b92,120,updater.exe,1351680,"PE32 executable (GUI) Intel 80386 Mono/.Net assemb ...",,,"Windows 7 64 bit",/sample/d2ffc94d40c16802df8292288571603aebd2af1a5292661f520c44c4f81c7b92/5adb80b37ca3e12b461ab1a5,0,dbd259ccb3afdeaabbc341f58f5dc4b4,8e03dc3011b9820d7d187b5d18d5bfd311ccc82a,,1,0,0
"2018-04-21 20:19:25",10,,,,347451d8df6902e587c876085e202196e4f098ded7383aad39a7d2d48796bf1e,120,doc01076620180416134423.pdf,204531,"PDF document, version 1.4",,,"Windows 7 64 bit",/sample/347451d8df6902e587c876085e202196e4f098ded7383aad39a7d2d48796bf1e/5adb80977ca3e12ade1af093,0,8067f68d415880738186f37739e0c31c,1da03ae78d3cfdbdcb89af3757f189f88ad40614,,1,0,
"2018-04-21 20:16:06",100,18,Malware,evasive,d8b40981a2c5e7df7603375430dfaf23633beb2190709877b65f962b93fd4178,100,winoffact1.0.exe,58819304,"PE32 executable (GUI) Intel 80386, for MS Windows","abusaa88a.no-ip.biz,3.pool.ntp.org,2.pool.ntp.org,0.pool.ntp.org","37.187.17.67,212.85.158.10,188.165.242.229","Windows 7 32 bit",/sample/d8b40981a2c5e7df7603375430dfaf23633beb2190709877b65f962b93fd4178/5adb8e247ca3e143f564fbc3,2,bd95028ad4c8e17b7c6ee49cc3ffd8bc,e29b2f8a4696169ae10ca15add59fd02267fa29b,,1,18,
"2018-04-21 20:12:21",64,,,,e6253feb245fc9aa79497e1f3a2e3c703daa3479ede53e2ae616826a6bde33ac,100,2018-04-11-traffic-analysis-exercise.pcap,1406038,"tcpdump capture file (little-endian) - version 2.4 ...",,,"Windows 7 32 bit",/sample/e6253feb245fc9aa79497e1f3a2e3c703daa3479ede53e2ae616826a6bde33ac/5adb7edb7ca3e127b26aea36,2,9a7d22c0be0262fd951060dd27abcf7b,b35aa493edc4075cadd74e63dd54c545b1786a55,,1,0,
"2018-04-21 20:11:29",89,46,Gen:Variant.Symmi,,b66d841a8beca79dac5dc124b133055883ff4facddedf84f1545d80bdf5c1c94,100,Loader.exe,1026048,"PE32 executable (GUI) Intel 80386, for MS Windows",,,"Windows 7 32 bit",/sample/b66d841a8beca79dac5dc124b133055883ff4facddedf84f1545d80bdf5c1c94/5adb7eba7ca3e126df054775,2,9b712a668f3ebeedd8761c9ebfecd8a4,53173f37acb9f97b0f2bf325d0512a3666a5c654,,1,53,15
"2018-04-21 20:08:04",00,-1,,,2f304295fab59d9bf92830cacd198a1af177419c7ceedb602eeb055dc91ae2d1,100,deneme.ps1,1896,"ASCII text, with very long lines, with CRLF line t ...",,,"Windows 7 32 bit",/sample/2f304295fab59d9bf92830cacd198a1af177419c7ceedb602eeb055dc91ae2d1/5adb8c4f7ca3e13f04476a2b,0,f7f6f3afdbfc94f40bbb2daa085fb9fb,1b56bb5a61329b2fc66acc82e5c670378fe79a1c,,1,,
"2018-04-21 20:01:30",56,04,"Keygen.ACG potentially unsafe",,bc6d820a5bb56f40ae8a32818739c691ac6362a9725d174e2eb4ec97c77e0aac,100,jyt46texswayyyre32sd.exe,546304,"PE32 executable (GUI) Intel 80386, for MS Windows",,,"Windows 7 32 bit",/sample/bc6d820a5bb56f40ae8a32818739c691ac6362a9725d174e2eb4ec97c77e0aac/5adb8aca7ca3e13c835bcd14,2,9e8ae65674d23dff685b23583e421ea5,9efad236c054cca9e37b254298c4820d94455155,,1,4,
"2018-04-21 19:58:17",66,,,evasive,d1d306bc58e1e20094eed3db51e313ca88b1c186b5bb2895a936fcf8f50cfef6,120,updateself.exe,520040,"PE32 executable (GUI) Intel 80386, for MS Windows",,"2.21.242.196,2.21.242.237","Windows 7 64 bit",/sample/d1d306bc58e1e20094eed3db51e313ca88b1c186b5bb2895a936fcf8f50cfef6/5adb7ba07ca3e120642061d3,0,6cdec262d2ce38453047a3cc5a188343,40de0ce61621da63af2bb154467797f167fb7b5c,,1,0,
"2018-04-21 19:54:05",20,,,,a6c49357fc4407361f166c9c83b35e786dbb2e1ef85f94632c73708a10ab603d,120,wpsupdatesvr.exe,133480,"PE32 executable (GUI) Intel 80386, for MS Windows",,"2.21.242.196,2.21.242.237","Windows 7 64 bit",/sample/a6c49357fc4407361f166c9c83b35e786dbb2e1ef85f94632c73708a10ab603d/5adb7aa57ca3e11f9731d923,0,16eed67699fc20629ffff750b2eb2a48,d1f88c9196fed693a1232db3d4978a7e6a457ff9,,1,0,0
"2018-04-21 19:36:22",36,-1,,,f51ced08199e910c028599a4ed2b5eccd033fe5831e427eb2b97635454685f49,120,318760884502_1.jr.php.htm,418,"HTML document, ASCII text, with CRLF line terminators","www.gstatic.com,www.clickconfirmation.com,ocsp.pki.goog,fonts.gstatic.com,bridge.lga1.admarketplace.net","86.121.249.16,104.218.72.13,104.218.72.17,216.58.214.228,216.58.214.232,172.217.16.110,216.58.214.227","Windows 7 64 bit",/sample/f51ced08199e910c028599a4ed2b5eccd033fe5831e427eb2b97635454685f49/5adb767f7ca3e114fe2db218,1,324717ee4356cd03513750378e80476e,defa8e5f9b204e7e02d01b235b93da249737b1f6,,1,,
"2018-04-21 19:33:54",17,,,,ab163412a54a78e3aebee46cc27d8bc4b8da513fd52839073ca45ee53e74b1e4,100,GameClient.exe,7588864,"PE32 executable (GUI) Intel 80386, for MS Windows",,,"Windows 7 32 bit",/sample/ab163412a54a78e3aebee46cc27d8bc4b8da513fd52839073ca45ee53e74b1e4/5adb75e47ca3e1161b3432a4,0,bf659ada414a514d45293aeeec7b0912,df185c95640634c41723643e697f48699494fe49,,1,0,0
"2018-04-21 19:32:41",98,19,Heuristic-KPP,,d4f96bf21fba6ed6b7405d7d6e7fbd8becae98c1ecb062ca5f882d092437da45,120,Interlagos.exe,323584,"PE32 executable (GUI) Intel 80386, for MS Windows",,"95.100.252.16,23.62.197.99","Windows 7 64 bit",/sample/d4f96bf21fba6ed6b7405d7d6e7fbd8becae98c1ecb062ca5f882d092437da45/5adb84057ca3e130fa0c1659,2,06ccac1ece8ef8948ee261f34e6cab3c,092201bd10c753082e586cd8112633426a3b34ba,,1,19,
"2018-04-21 19:32:10",11,-1,,,f17873f3f3085562f5d532c3b7e583e87a1d2b5f15513c2ca8b57d877310a442,100,shellcode.exe,20572,"PE32 executable (console) Intel 80386, for MS Windows",,,"Windows 7 32 bit",/sample/f17873f3f3085562f5d532c3b7e583e87a1d2b5f15513c2ca8b57d877310a442/5adb75887ca3e115b92dba93,0,f6817554bb23a39a281c1dee60a93859,6ac7f81923d5dc76f2669960da6266dcad8387d5,,1,,
"2018-04-21 19:21:11",82,72,Generic.RozenaA,,f2c8ed8f8479f2deea0ccfa8a81d696929bbf78aaca37b84f20f876026823314,110,c9b032b69a4d899202785074e23fec83,5123,"PE32 executable (DLL) (GUI) Intel 80386, for MS Wi ...",,,"Windows 7 32 bit (HWP Support)",/sample/f2c8ed8f8479f2deea0ccfa8a81d696929bbf78aaca37b84f20f876026823314/5adb72f67ca3e110686a2de4,2,c9b032b69a4d899202785074e23fec83,4ba4a64f16cb568ed37aaf613497b541df0440bd,,1,72,
"2018-04-21 19:20:53",00,,,,ebd7bbf18d1d80de5635474d6d23750ed3084a9b19befc46dcbfd95a07be5869,100,Vaco_LeaseAccounting-April2018_PHILLY_REVFINAL.pdf,165080,"PDF document, version 1.6",,,"Windows 7 32 bit",/sample/ebd7bbf18d1d80de5635474d6d23750ed3084a9b19befc46dcbfd95a07be5869/5adb81417ca3e12bb6702364,0,eb7f42790f6e5bcf4f113a18004e2260,cc4649832e404a2db904245085779291e4924fb9,,1,0,
"2018-04-21 19:10:14",100,90,Chir.B,,5439ac7dc0103e37bab2375e89629aebff953cd0d6f5234a5017c79008fa89ef,100,sample5.exe,96764,"PE32 executable (GUI) Intel 80386, for MS Windows",,,"Windows 7 32 bit",/sample/5439ac7dc0103e37bab2375e89629aebff953cd0d6f5234a5017c79008fa89ef/5adb70607ca3e10ab0312ab3,2,f19907de34ff0cb1edb4ee37e92d0cbe,7841ba81073e1518ebffacd5e102986df9e70bf2,,1,90,
"2018-04-21 19:06:57",100,44,AdWare.Adposhel,,61dd75d8cde029dc8e5d2c325c0fe0acb5980ac971df9f0b3555de11dba4ce47,100,OneSystemCare.exe,4340832,"PE32 executable (GUI) Intel 80386, for MS Windows",ionesystemcare.info,104.28.15.204,"Windows 7 32 bit",/sample/61dd75d8cde029dc8e5d2c325c0fe0acb5980ac971df9f0b3555de11dba4ce47/5adb6f857ca3e1039d7cdf37,2,209c039e68fbe527110008e44b8b8405,eb5970a3d65267fc9a621456bf86ac5d1445362a,,1,44,
"2018-04-21 18:50:33",100,77,Backdoor.BlackHole,,5354e14fa43eac91d2b2ba97cb47f2c6af2139c598d3ef977ff3ee4122c8fbf4,100,粉网封包拦截器.exe,1110016,"PE32 executable (GUI) Intel 80386, for MS Windows",fen.la,123.57.34.248,"Windows 7 32 bit",/sample/5354e14fa43eac91d2b2ba97cb47f2c6af2139c598d3ef977ff3ee4122c8fbf4/5adb6bc37ca3e17e6104cb76,2,2e45cdec64fcfc5e4be03ae393e02924,b58d322eb9b8a24ad560e832d879ce88d74658c6,,1,86,50
"2018-04-21 18:49:10",100,82,Generic.MSIL.Bladabindi,"njrat,rat",fc574ebb4b80826296c277701ae028cbbe590887e3ba6a8475980e523d35043d,110,6b7f1ecbf0bc206ba739aa0348aa108e,29696,"PE32 executable (GUI) Intel 80386 Mono/.Net assemb ...",,,"Windows 7 32 bit (HWP Support)",/sample/fc574ebb4b80826296c277701ae028cbbe590887e3ba6a8475980e523d35043d/5adb79d67ca3e11a5617e25e,2,6b7f1ecbf0bc206ba739aa0348aa108e,ea2b5532f230a80058051a42130c947dbb55974d,,1,82,
"2018-04-21 18:38:16",100,77,Trojan.Swrort,,71015fbff9fb120aab108cbedb7e00aeb34aab71db084d1e81a61a13f58d2d56,120,candidate.exe,73802,"PE32 executable (GUI) Intel 80386, for MS Windows",,"88.221.234.41,23.62.197.99,152.3.102.7","Windows 7 64 bit",/sample/71015fbff9fb120aab108cbedb7e00aeb34aab71db084d1e81a61a13f58d2d56/5adb773f7ca3e116dd0c1a38,2,ff873ac8c6bba4c0b460d35283c3c672,d0409115d80ddf01ba532db76c1510be45cc6032,,1,77,
"2018-04-21 18:35:53",100,50,Trojan.Generic,,21b4cbb2c5791521cfa78cb8fc58aee532f556b671223c76c47c9ed9c3f71f27,100,rmp_launcher.EXE,8192,"PE32 executable (GUI) Intel 80386, for MS Windows",,,"Windows 7 32 bit",/sample/21b4cbb2c5791521cfa78cb8fc58aee532f556b671223c76c47c9ed9c3f71f27/5adb684d7ca3e177217b6d76,2,0a7da9145e0c0c9cc14b7a257fe544cd,498f0158e2baa1cdf2dbf3108cf2d299c291f597,,1,56,23
"2018-04-21 18:34:18",21,,,,1a304d9fc134484f619abb9eb1a680c7568d92d96915c8941e050b20a19e5844,120,318777033130_1.buttons.js.htm,891,"HTML document, ASCII text, with CRLF line terminators",,92.122.122.155,"Windows 7 64 bit",/sample/1a304d9fc134484f619abb9eb1a680c7568d92d96915c8941e050b20a19e5844/5adb765b7ca3e116d97ddd33,0,93494eb45a92ffe7bb7c9cc5c75c61b7,b764ba64a573545cac7bed57fdf8f3b9ba2b6c34,,1,0,
"2018-04-21 18:33:00",85,01,Unsafe,,c6be3e23d6fc085ec5df2970e8ad9471043d524d2a8f849d4abbdeac71261f85,100,Launcher.exe,661776,"PE32 executable (GUI) Intel 80386, for MS Windows, ...",poker.betonline.ag,161.22.49.233,"Windows 7 32 bit",/sample/c6be3e23d6fc085ec5df2970e8ad9471043d524d2a8f849d4abbdeac71261f85/5adb760d7ca3e116b7513603,2,9787e126c8cc7d44e892835db6905334,c5a5751bafaaedc03779b591fcc6bb82565a1bb1,,1,1,
"2018-04-21 18:29:02",72,12,Application.AdInstall,,730fef59895728b6bb39aa31e27d7cd1a3be6a1388c97968dc3741cce36baf29,100,FreeNetflixDownloader-install.exe,62116592,"PE32 executable (GUI) Intel 80386, for MS Windows",,,"Windows 7 32 bit",/sample/730fef59895728b6bb39aa31e27d7cd1a3be6a1388c97968dc3741cce36baf29/5adb667f7ca3e1738c4d72b3,2,496d43924cd30d77d7778485d909e15d,f50fc94b0a5bcc385e5be68b455c9d4d03e4b43c,,1,12,14
"2018-04-21 18:20:32",16,-1,,,9f578d895e173823fd9c8bb02c2ebc030ca490dec3149253e5f2e6a43ef7da0e,100,pp.bat,113,"ASCII text, with no line terminators",home.satorp.com,,"Windows 7 32 bit",/sample/9f578d895e173823fd9c8bb02c2ebc030ca490dec3149253e5f2e6a43ef7da0e/5adb64ac7ca3e16c92293d26,0,df924506d3f1ca08e905e053ca4c3146,891eaa11f7da6e9ee76025518e0140e3400f5d9a,,1,,
"2018-04-21 18:17:18",26,,,,7dc040189a07c5947f76864ffe79a18b20bca333c293db7b69c9e2a11cb87c53,120,318966535355_1.html,111,"HTML document, ASCII text",,"195.138.255.10,195.138.255.11,172.227.102.35,172.227.102.35","Windows 7 64 bit",/sample/7dc040189a07c5947f76864ffe79a18b20bca333c293db7b69c9e2a11cb87c53/5adb71e57ca3e10ccd4d2116,0,3aac612e5ab66f09d10b358d0abaceee,025267408e1b2571b0d7dbda904c79aa0dcdcc66,,1,0,
"2018-04-21 18:04:35",100,02,W32.eHeur,,0c89269f89e649d121606f4ba724e3f4e5371af98fbd7638d656fda807acb96e,100,GovernorofPoker_Oberon.exe,43466752,"PE32 executable (GUI) Intel 80386, for MS Windows",,,"Windows 7 32 bit",/sample/0c89269f89e649d121606f4ba724e3f4e5371af98fbd7638d656fda807acb96e/5adb60ef7ca3e166864b7c86,2,2ab1e38ed1e9450ea9ca65373614d921,f3fbb3ca612b66e23c2b49b12c4ce74d8f1abceb,,1,3,0
"2018-04-21 17:56:02",46,,,,eb4305078ebb1b11eaf9c19245d1d2fdd2966d0a762a00aeb9e2fcc50f475497,120,template.dll,3072,"PE32+ executable (DLL) (GUI) x86-64, for MS Windows",,,"Windows 7 64 bit",/sample/eb4305078ebb1b11eaf9c19245d1d2fdd2966d0a762a00aeb9e2fcc50f475497/5adb6d647ca3e1032a37e145,2,a6b8a4821d82f5203a1f5c77070acef6,e3c80bcc2b75fe4a210262c2e021a89646a880b9,,1,0,
"2018-04-21 17:51:53",100,,,,228cb170f05382905a00c6a86b46113808a7a9aef6c165948294a5583e151e71,100,icsetup-3.0.0.5.exe,7152308,"PE32 executable (GUI) Intel 80386, for MS Windows",www.stintercorp.com,143.95.251.85,"Windows 7 32 bit",/sample/228cb170f05382905a00c6a86b46113808a7a9aef6c165948294a5583e151e71/5adb5df97ca3e161cd3a7f75,2,dfbe411e53daf14284ffd090f61a8b6d,4012cbe9fc2a5ba913b2ba0dbf37ecb0913fd8a8,,1,0,
"2018-04-21 17:51:00",100,44,Trojan.Agent,,68966039f08b8e3bda7fd469fc8523a70139216ed5e5e21a8ff3a5753525500c,100,Nessus(64_bit)_keygen.exe,1087488,"PE32 executable (GUI) Intel 80386, for MS Windows",lip.healthcakes.men,52.85.182.247,"Windows 7 32 bit",/sample/68966039f08b8e3bda7fd469fc8523a70139216ed5e5e21a8ff3a5753525500c/5adb5dd47ca3e161214962c3,2,7c719c69588b842b0b6d1860b66776df,333e6d0cfe43a4a212938739552d08d612bbc5c3,,1,44,
"2018-04-21 17:49:42",100,82,Trojan.Wanna,"ransomware,wanacrypt0r,wannacry,wcry",ceac209e29b1af39e693faf72730c6d8906d4994a97b4133b691a44a32a072bb,110,450212b176a4b74d8561688f5abb9812,5267459,"PE32 executable (DLL) (GUI) Intel 80386, for MS Wi ...",,,"Windows 7 32 bit (HWP Support)",/sample/ceac209e29b1af39e693faf72730c6d8906d4994a97b4133b691a44a32a072bb/5adb6be77ca3e17f194bccd4,2,450212b176a4b74d8561688f5abb9812,784bbb3a3214a53d2551022ddf5d16810f165fc6,,1,82,
"2018-04-21 17:37:24",22,,,,4f150c88d6db21e21704f4ff477a6c27584fa9f0a92717f1d7ea2c99a9529c9c,100,"Network Firewall.exe",4830885,"PE32 executable (console) Intel 80386, for MS Windows",,,"Windows 7 32 bit",/sample/4f150c88d6db21e21704f4ff477a6c27584fa9f0a92717f1d7ea2c99a9529c9c/5adb69027ca3e1777a15b686,0,b27549970f8ecef0753d28e54e5e7817,5bedea78289d5674f2c20237ec64acfeb9d37c4b,,1,0,
"2018-04-21 17:35:41",99,77,Gen:Variant.Symmi,,76698882f8b35d4ecb0662cd24aeab0d3dc8347236b17b0325285a335bb72a4b,100,Anastasia.exe,518547,"PE32 executable (GUI) Intel 80386, for MS Windows",,,"Windows 7 32 bit",/sample/76698882f8b35d4ecb0662cd24aeab0d3dc8347236b17b0325285a335bb72a4b/5adb5a247ca3e1594252b417,2,0e1a85bc5d44ccc24fa5f01287633968,97b9a766a5e05d010ab935539b52f7bb366d6b7a,,1,77,
"2018-04-21 17:22:44",06,,,,50fc3332a6c21e2b181eb6e3c0ccf0b8e45208532b4e23c0dce69a864fdfcd44,120,update.exe,3072,"PE32+ executable (console) x86-64, for MS Windows",,,"Windows 7 64 bit",/sample/50fc3332a6c21e2b181eb6e3c0ccf0b8e45208532b4e23c0dce69a864fdfcd44/5adb65937ca3e170f2036ac3,0,4c713a92858a50e07fe3ccac97d25351,24f6fbc844e512965e08e3531a6251253997bdb6,,,0,
"2018-04-21 17:22:12",54,,,,41ed27e05d721b811f4e09a16faa9046f3dfd0e6498082c80793696ae5f6ead9,100,SquidHQ.exe,3795568,"PE32 executable (GUI) Intel 80386 (stripped to ext ...","metacdn.squidhq.com,assetcdn.squidhq.com",104.24.127.199,"Windows 7 32 bit",/sample/41ed27e05d721b811f4e09a16faa9046f3dfd0e6498082c80793696ae5f6ead9/5adb65717ca3e16f21623b39,1,6a36afb2ce2eddfaee2d9d1eb2904f5d,8331b8320256c0db4d2438810531161a89818d66,,1,0,0
"2018-04-21 17:20:54",28,01,Fraud,,4b5c37f7725643c6d015b2b71a662cab51d58ed0d2ae34e513ff6fc0171b289e,100,"YOU ARE THE BENEFICIARY.pdf",115216,"PDF document, version 1.5",,,"Windows 7 32 bit",/sample/4b5c37f7725643c6d015b2b71a662cab51d58ed0d2ae34e513ff6fc0171b289e/5adb56b97ca3e152a5725a86,2,878e128895d27998c133fd8c393adee0,1b909c518cf4b070e09e23569d689eccfb4b3b55,,1,1,
"2018-04-21 17:19:13",100,35,Adware,"adware,downloader,filetour",0ce76d1da2b00ba4bb1986d48a7bf6dec0d6e241329ea08cecb588fce90eac3f,100,Survive_the_Nights_Trainer_10_WU1BLE.exe,401280,"PE32 executable (GUI) Intel 80386, for MS Windows",kapulainen.ru,"206.54.161.139,193.238.153.85,34.242.45.150,35.176.154.24","Windows 7 32 bit",/sample/0ce76d1da2b00ba4bb1986d48a7bf6dec0d6e241329ea08cecb588fce90eac3f/5adb49027ca3e1369f36b973,2,d716db03b9e50f4c141d1c46ca33c6ec,759e8d818dd981387b1a9472d7bc5b51fcf16951,,1,35,
"2018-04-21 17:16:21",05,,,,c860de3d1ada2ffdd2c4a63a19bad7fa1f70326c76cf5e524a5bf569e6e22bec,120,gaysense.dll,166912,"PE32 executable (DLL) (GUI) Intel 80386, for MS Wi ...",,"2.21.242.213,2.21.242.237","Windows 7 64 bit",/sample/c860de3d1ada2ffdd2c4a63a19bad7fa1f70326c76cf5e524a5bf569e6e22bec/5adb55a77ca3e1501678dc25,0,f20213f9aa02f07cc0dd2bbc59257998,dbc7df0829a1e20ba9465efd251464c329838872,,1,0,
"2018-04-21 17:09:26",81,08,backdoor.msil.bladabindi,,7e063b6071ad52d2413c7064b179ee6777111ae4a1a8cf4249ae2dbd89058be9,100,"Banking Security 2.2.exe",891098,"PE32 executable (GUI) Intel 80386, for MS Windows, ...",,,"Windows 7 32 bit",/sample/7e063b6071ad52d2413c7064b179ee6777111ae4a1a8cf4249ae2dbd89058be9/5adb62797ca3e16ad2133073,2,45adbe6504aab7f8c5fd4842b01d9ad8,d04edf01251f09dc993364ec717470970b848603,,1,8,11
"2018-04-21 17:08:00",60,,,evasive,f2f09fdbb13bbd2ccdf626a9955b99cf7585b412986c94e1009df4116ccf368c,120,RUST_CHEAT.exe,380928,"PE32 executable (console) Intel 80386 Mono/.Net as ...",seo.vinstrok.ru,"2.21.242.213,2.21.242.237,176.106.244.2","Windows 7 64 bit",/sample/f2f09fdbb13bbd2ccdf626a9955b99cf7585b412986c94e1009df4116ccf368c/5adb53bd7ca3e14cc775eac6,2,0801398242ea94caab222cc328e61c75,4f6c989c3cdcc7bea97bec376d6c8e9bb67b4a1a,,1,0,
"2018-04-21 17:07:02",36,01,Malware.HighConfidence,,5627c9410a4d49b3c27c0dd4656ced26b69682ba0617eaad4dff95865fcf0ca9,100,ctapfw.exe,221184,"PE32 executable (GUI) Intel 80386, for MS Windows",,,"Windows 7 32 bit",/sample/5627c9410a4d49b3c27c0dd4656ced26b69682ba0617eaad4dff95865fcf0ca9/5adb53787ca3e1478d791710,1,32d2922ea9edb33cce075ff6aa805a6a,dfed214e3df9b9ed1efd33e955948762b93d162f,,1,1,0
"2018-04-21 17:00:19",95,-1,,"evasive,msil,rat,revenge-rat",d3df323134df87e6ab1d4e61396803dabcbd8f075335a8e2e7533a13bf17815e,100,Client.exe,140800,"PE32 executable (GUI) Intel 80386 Mono/.Net assemb ...",,31.167.72.235,"Windows 7 32 bit",/sample/d3df323134df87e6ab1d4e61396803dabcbd8f075335a8e2e7533a13bf17815e/5adb51ed7ca3e146e9540016,2,d5b4ed14f8573eeedf013a1d8488c7c3,e12a8a68c5c9f9568b90485d173606b8ab79b44a,,1,,
"2018-04-21 16:54:22",17,-1,,,5de3f6f5f42af6f1b2db5192fb4cfd427921a6a880022893e23d90218f857739,100,yy.bat,210,"ASCII text, with no line terminators",,,"Windows 7 32 bit",/sample/5de3f6f5f42af6f1b2db5192fb4cfd427921a6a880022893e23d90218f857739/5adb5ee77ca3e1633a7571d4,0,5503f75f124bcbbd0c83bfa08c810f8b,f69f07914bc551e48c9532da7ff602f9220d9948,,1,,
"2018-04-21 16:52:44",76,09,QVM19.1.962C.Malware,evasive,ab292c8bb1b990322afa630ea0721111fe322ee021d32f69a94c691c5476cc8b,100,H3IQ3NsVs.exe,4140104,"PE32 executable (GUI) Intel 80386, for MS Windows",,,"Windows 7 32 bit",/sample/ab292c8bb1b990322afa630ea0721111fe322ee021d32f69a94c691c5476cc8b/5adb5e847ca3e1629447e358,2,b92650904617487c9581baf9b7310018,15d7a004edc89a2b258f14b9a1405deb9f97b817,,1,9,
"2018-04-21 16:45:04",82,22,MSIL_Kryptik.P.gen,,2ab2eab04f7af68965f7a0beaeded3b2c18e23b864ae3dc9c0ab708903eee0ea,120,YobitCode.exe,280064,"PE32 executable (GUI) Intel 80386 Mono/.Net assemb ...",,,"Windows 7 64 bit",/sample/2ab2eab04f7af68965f7a0beaeded3b2c18e23b864ae3dc9c0ab708903eee0ea/5adb5cbb7ca3e15fd70dec83,2,c3faf9065ad33159b0b1b97caa13c8d5,3c21482a26a59fa7d29841daecbfd03f4c08d842,,1,22,
"2018-04-21 16:44:57",100,49,Gen:Variant.Razy,,de66dc1fb262f24ed36216824663fb21e64923a2010f66ec9a36e8904e005667,100,test23243.EXE,233472,"PE32 executable (GUI) Intel 80386 Mono/.Net assemb ...",,,"Windows 7 32 bit",/sample/de66dc1fb262f24ed36216824663fb21e64923a2010f66ec9a36e8904e005667/5adb4e597ca3e1403759e78b,2,0b24655aeb61659ec19042513fb0dee0,1ec67f7fc000c9b56f0141020eaf9298e8ed951d,,1,49,
"2018-04-21 16:40:51",100,50,Gen:Variant.RevengeRat,evasive,160e1d7fa40c2f8e91f2ef8adf8b62f6d40cc38407f6508475ac6bac1254864e,110,37ea3ba3e19f23049b4740f1394b11d2,16896,"PE32 executable (GUI) Intel 80386 Mono/.Net assemb ...",,,"Windows 7 32 bit (HWP Support)",/sample/160e1d7fa40c2f8e91f2ef8adf8b62f6d40cc38407f6508475ac6bac1254864e/5adb5bc17ca3e15e5a4b0004,2,37ea3ba3e19f23049b4740f1394b11d2,87b01ed74da0763ac7e4d69ff872e5a40e713827,,1,50,
"2018-04-21 16:34:27",100,17,Trojan.Generic,,4db91a75578e7ba00c0d102eaebca6e5a60d935c83d40a63e89a2a875986f81f,100,1lateovahuqesmyylkiin.exe,282624,"PE32 executable (GUI) Intel 80386, for MS Windows",,,"Windows 7 32 bit",/sample/4db91a75578e7ba00c0d102eaebca6e5a60d935c83d40a63e89a2a875986f81f/5adb5a3f7ca3e15a42592863,2,624f3fb805d6c74f87da6411e69925e8,a71f23a45e630d98d8c7f6f59adc6d31c6c0d577,,1,17,
"2018-04-21 16:23:02",100,22,BehavesLike.PUPXDT,,9385c24187e39264ad12da6b3d04e3811bc492742e77d50c64ee03476591b0b0,100,"Bank of america invoice.exe",2132992,"PE32 executable (GUI) Intel 80386, for MS Windows, ...",,,"Windows 7 32 bit",/sample/9385c24187e39264ad12da6b3d04e3811bc492742e77d50c64ee03476591b0b0/5adb49277ca3e1346539e23b,2,546d5bbbce8245ef8c84402b528ba7a2,477b7ae15f33171ac1e3fabf0d780ba4af1a42b8,,1,22,
"2018-04-21 16:16:59",59,04,W32.Email.Worm,,ca89a3af73d30b1f852dd682a4f483155b344b09d1ab114a3fab42445477093b,100,"vUnHide 1.0.exe",225755,"PE32 executable (GUI) Intel 80386, for MS Windows, ...",,,"Windows 7 32 bit",/sample/ca89a3af73d30b1f852dd682a4f483155b344b09d1ab114a3fab42445477093b/5adb560b7ca3e152153f06d3,2,859e094f691b67e52ae1c6399d32c203,1c91fcd67dda164f076b2f09113c3250b0249c60,,1,3,7
"2018-04-21 16:16:10",57,15,Trojan.Generic,,5c6c28c902f9b4a972fc8fec200f5d682a2529d1509d7312b5acec6f661be2f3,100,2018-04-22_00-06-38.exe,243200,"PE32 executable (GUI) Intel 80386, for MS Windows",,,"Windows 7 32 bit",/sample/5c6c28c902f9b4a972fc8fec200f5d682a2529d1509d7312b5acec6f661be2f3/5adb55f77ca3e152086e49a3,2,ec68c11e948ef526d6216868b71fae32,1a8b58c7e8635c89858df36e27a0b4a5aca3437c,,1,15,
"2018-04-21 16:09:01",100,32,Trojan.Rasftuby.Gen,"evasive,miner",a050386914c6a347ecf62f8141b3bf3a7c339622501d19989dc1cb6be2515ea5,120,setup.exe,1512753,"PE32 executable (GUI) Intel 80386, for MS Windows",pool.monero.hashvault.pro,"91.227.16.122,91.227.16.122,91.227.16.122,91.227.16.122,45.77.225.197","Windows 7 64 bit",/sample/a050386914c6a347ecf62f8141b3bf3a7c339622501d19989dc1cb6be2515ea5/5adb54467ca3e14d9b551c24,2,cf6edef6d55ddab68ac1f4d1db12773a,f6b74de7382782d6ec1521f201a02e759b63424b,,1,32,
"2018-04-21 15:59:46",45,,,,c0b14d471f038df30e6fc38b524a05a8cfa3880a510b5d069bc246f6c364beb6,120,am_delta_08e26b5f109d41f00afd4884fe926d294850befb.exe,5015264,"PE32+ executable (GUI) x86-64, for MS Windows",,,"Windows 7 64 bit",/sample/c0b14d471f038df30e6fc38b524a05a8cfa3880a510b5d069bc246f6c364beb6/5adb521f7ca3e146e954001b,0,379b4c695bd50ecb69002670f942038a,08e26b5f109d41f00afd4884fe926d294850befb,,1,0,
"2018-04-21 15:55:01",80,-1,,,8f37ee7783cb7c57942f4e26287c8ed22a5fdedd08b3d0c2d8ecab46dcdc3be1,100,ChromeSetup.exe,1656936,"PE32 executable (GUI) Intel 80386, for MS Windows",,,"Windows 7 32 bit",/sample/8f37ee7783cb7c57942f4e26287c8ed22a5fdedd08b3d0c2d8ecab46dcdc3be1/5adb42a17ca3e129237cff73,2,461714d28cb194af1fd9029035f6c9bf,f76b54657cff9cba7a8f6f0ba8e8fab66be26ac2,,1,,
"2018-04-21 15:53:25",38,01,"GameHack.BYN potentially unsafe",,76dedfd99f3866f223ddfb4485e728ad1c6a9aff20ea2fa85fc7cd1104b431fd,100,Ziom.cc.dll,1732608,"PE32 executable (DLL) (GUI) Intel 80386, for MS Wi ...",,,"Windows 7 32 bit",/sample/76dedfd99f3866f223ddfb4485e728ad1c6a9aff20ea2fa85fc7cd1104b431fd/5adb42157ca3e127bb2ea9c6,2,4f58c5a29b6317793686c559cfd41f72,4cd52b98db300c2387bfae0f2adbb52f3c709ed3,,1,1,
"2018-04-21 15:50:30",74,22,Trojan.Generic,,b0740a6a0b7d3b138730a9a5f56e067668804919447dadc9915a55bb068ef04d,100,Loader.exe,229888,"PE32 executable (GUI) Intel 80386 Mono/.Net assemb ...",,,"Windows 7 32 bit",/sample/b0740a6a0b7d3b138730a9a5f56e067668804919447dadc9915a55bb068ef04d/5adb41547ca3e12460105f33,2,0fbe79a2a374e32b142295b33043eb1c,01eb4ff9f500feba22072a919af3a237a9103a78,,1,22,
"2018-04-21 15:47:27",22,-1,,,9e95405f27094e35888cc13d121226cf885bd0db5483e55f5cce59af4abf2ff0,100,C4WrB1mh.exe_d9426b88bedf72230ef90d1e3a92213b,4651,"PE32 executable (GUI) Intel 80386 (stripped to ext ...",,,"Windows 7 32 bit",/sample/9e95405f27094e35888cc13d121226cf885bd0db5483e55f5cce59af4abf2ff0/5adb40a57ca3e1240d6822f4,0,d9426b88bedf72230ef90d1e3a92213b,04896fe95b98a271cdc857c48cda64ec8c994cf3,,1,,
"2018-04-21 15:47:16",27,-1,,,b22dc7baefb0b43498b09b20e2d295e718ef315127e773a0bac74ed5720b9525,100,C0e3pz2M.exe_794c2cba714847c4112978f3da754d41,4653,"PE32 executable (GUI) Intel 80386 (stripped to ext ...",,,"Windows 7 32 bit",/sample/b22dc7baefb0b43498b09b20e2d295e718ef315127e773a0bac74ed5720b9525/5adb40907ca3e1222953d2c0,1,794c2cba714847c4112978f3da754d41,90753bd680617cd5b26d117ce90a14eb5cffc19e,,1,,
"2018-04-21 15:46:44",39,-1,,,21eb6f73166ec220c236892288c6aabc1662ef3cd9d6a9e9eed22569ad6e9d97,100,b8Gtu7J3.exe_ae081d958eef05b548396e267fa8b780,4670,"PE32 executable (GUI) Intel 80386 (stripped to ext ...",,81.191.51.84,"Windows 7 32 bit",/sample/21eb6f73166ec220c236892288c6aabc1662ef3cd9d6a9e9eed22569ad6e9d97/5adb407c7ca3e1242e6354b6,1,ae081d958eef05b548396e267fa8b780,fcc0dec32952847d9a98a026bf60c348740d1fdd,,1,,
"2018-04-21 15:46:12",34,-1,,,9adfc957bbe3d9625bc376d15ec4a9f6a385e1f68219d1ce0e4d22ecab571c9e,100,aXkqrncS.exe_12c1118754890b72d14502d354e765e2,4618,"PE32 executable (GUI) Intel 80386 (stripped to ext ...",,172.217.16.174,"Windows 7 32 bit",/sample/9adfc957bbe3d9625bc376d15ec4a9f6a385e1f68219d1ce0e4d22ecab571c9e/5adb40527ca3e1236e51c344,1,12c1118754890b72d14502d354e765e2,d18873c77a3901c284999103f9bae58ac9643685,,1,,
"2018-04-21 15:45:40",27,-1,,,d7d4b87e7be81ee240f6bf8b7c8162ee86935ddf84b8edf563af8cadfeea31a8,100,aUr38xMH.exe_6b9bded4f2e7e542287353277b961224,4666,"PE32 executable (GUI) Intel 80386 (stripped to ext ...",,,"Windows 7 32 bit",/sample/d7d4b87e7be81ee240f6bf8b7c8162ee86935ddf84b8edf563af8cadfeea31a8/5adb403d7ca3e122e9572b5c,1,6b9bded4f2e7e542287353277b961224,53f822d2eb9784a92dd2acec8c399994437c2f92,,1,,
"2018-04-21 15:45:07",54,-1,,,3da7b84e102f2e7be15cab7a7f8a0bdef08a60917c4b5c5ec2a12db16e3f5fad,100,A6byTmdf.exe_afd2e638ba89ff6dd94c8c67c170089e,4640,"PE32 executable (GUI) Intel 80386 (stripped to ext ...",,52.36.116.91,"Windows 7 32 bit",/sample/3da7b84e102f2e7be15cab7a7f8a0bdef08a60917c4b5c5ec2a12db16e3f5fad/5adb40287ca3e1223c7ebd81,2,afd2e638ba89ff6dd94c8c67c170089e,c9a651269c0d1a31fca76c6ed213de2e1e27a5cd,,1,,
"2018-04-21 15:44:36",100,65,Generic.MSIL.PasswordStealerA,"evasive,infostealer",ac6fba0eac5c9eea60ffd424269716f3a9fc3f1be89a498abfd9ace0fabdca56,120,for1.exe,276480,"PE32 executable (GUI) Intel 80386 Mono/.Net assemb ...",,"2.21.242.213,2.20.131.136,184.25.216.99","Windows 7 64 bit",/sample/ac6fba0eac5c9eea60ffd424269716f3a9fc3f1be89a498abfd9ace0fabdca56/5adb40067ca3e121051780ea,2,241d26fa489f7221dae4868f2155d072,5ef9e590c6a66741053902ed79788a30fd48dbf0,,1,65,
"2018-04-21 15:44:34",100,65,Generic.MSIL.PasswordStealerA,"evasive,infostealer",ac6fba0eac5c9eea60ffd424269716f3a9fc3f1be89a498abfd9ace0fabdca56,110,for1.exe,276480,"PE32 executable (GUI) Intel 80386 Mono/.Net assemb ...",,,"Windows 7 32 bit (HWP Support)",/sample/ac6fba0eac5c9eea60ffd424269716f3a9fc3f1be89a498abfd9ace0fabdca56/5adb4e957ca3e142134fddf7,2,241d26fa489f7221dae4868f2155d072,5ef9e590c6a66741053902ed79788a30fd48dbf0,,1,65,
"2018-04-21 15:44:24",22,-1,,,91d68a98d20e644b0ea1fbaabf46020d495e9b42b211288d03fa3288f7d1d5f9,100,9H3tz0K7.exe_d2475f4c95416c326a0c5fc4a6f65862,4614,"PE32 executable (GUI) Intel 80386 (stripped to ext ...",,,"Windows 7 32 bit",/sample/91d68a98d20e644b0ea1fbaabf46020d495e9b42b211288d03fa3288f7d1d5f9/5adb3fff7ca3e1235c55b134,0,d2475f4c95416c326a0c5fc4a6f65862,2fac5342de02f36c45585b2293c833ad3d23317c,,1,,
"2018-04-21 15:44:13",27,-1,,,03e0171de007116ad21896678e7fa67b69176e61ab74691439b02bb638cc387a,100,9Ep0qex1.exe_6ba8e9fad16ec447f8932c106a50dbdb,4639,"PE32 executable (GUI) Intel 80386 (stripped to ext ...",,42.201.129.111,"Windows 7 32 bit",/sample/03e0171de007116ad21896678e7fa67b69176e61ab74691439b02bb638cc387a/5adb3fd67ca3e1232f63d154,1,6ba8e9fad16ec447f8932c106a50dbdb,8ce150efe43da705c63ca18aacc1fd40a12fceea,,1,,
"2018-04-21 15:43:35",59,16,Trojan.Buzus,,56da43903e8addef69862fb11d739401afbd5127a98670450ad6a8fff46e271d,100,kuru2.exe,3324416,"PE32 executable (GUI) Intel 80386, for MS Windows",,,"Windows 7 32 bit",/sample/56da43903e8addef69862fb11d739401afbd5127a98670450ad6a8fff46e271d/5adb4e447ca3e14241503503,2,189632ded4153f8907a69692bf6769f2,32bcbb2af43abea8f7878b68388063d3d0c9871d,,1,15,21
"2018-04-21 15:43:30",27,-1,,,94f56269942c1bc7c7a7dad304074b4479851a74f3976c2720e196cece9224d7,100,8nNALn9y.exe_93db7717122912d39e12c7cff65f5877,4642,"PE32 executable (GUI) Intel 80386 (stripped to ext ...",,,"Windows 7 32 bit",/sample/94f56269942c1bc7c7a7dad304074b4479851a74f3976c2720e196cece9224d7/5adb3fc17ca3e122df171a74,1,93db7717122912d39e12c7cff65f5877,32613821c3378edf4af849d00131ea89238499d6,,1,,
"2018-04-21 15:42:48",27,-1,,,51c11a72c3c24433de40ea399e53e6d89c54792394fc86dccf8e53feef9df8e2,100,89VGGqxN.exe_d43dbd1c4d6bc0fe7ad769571ec8faa4,4664,"PE32 executable (GUI) Intel 80386 (stripped to ext ...",,,"Windows 7 32 bit",/sample/51c11a72c3c24433de40ea399e53e6d89c54792394fc86dccf8e53feef9df8e2/5adb3f977ca3e1208541c8be,1,d43dbd1c4d6bc0fe7ad769571ec8faa4,0fa78b6972355fb92847ae7bde6a54905e981bd3,,1,,
"2018-04-21 15:42:27",70,-1,,,d3b12fba4b758c9f614c59fa139c36a9df54329f3d122b03c29b45d296e27209,100,5ZXS0xW8.exe_175d00a0e446197075355ffdcc35e2f5,4669,"PE32 executable (GUI) Intel 80386 (stripped to ext ...",fw1.sshreach.me,139.162.161.211,"Windows 7 32 bit",/sample/d3b12fba4b758c9f614c59fa139c36a9df54329f3d122b03c29b45d296e27209/5adb3f6e7ca3e120c346da23,2,175d00a0e446197075355ffdcc35e2f5,51a238a10211c8d4a0112554cdd4d47be6a47c40,,1,,
"2018-04-21 15:41:34",100,52,Generic.MSIL.Bladabindi,"njrat,rat",8dda6255a6ef94cb93165f3fe1c489c46237868db23080eaa7e48d2a98e9e24c,110,674b8885e0dd89c826be839629220cb7,26624,"PE32 executable (GUI) Intel 80386 Mono/.Net assemb ...",try.myddns.me,93.182.172.155,"Windows 7 32 bit (HWP Support)",/sample/8dda6255a6ef94cb93165f3fe1c489c46237868db23080eaa7e48d2a98e9e24c/5adb3f3e7ca3e120c20a57cd,2,674b8885e0dd89c826be839629220cb7,eb429101adda61ff03f2241e438c8e463bd0808b,,1,52,
"2018-04-21 15:41:23",27,-1,,,5416798074371629e0b8291412d8d92dceb1344dafd6c207f2560a74ef40d116,100,3FH0Npg5.exe_121571c28cc61322707d45df21de60ea,4670,"PE32 executable (GUI) Intel 80386 (stripped to ext ...",,,"Windows 7 32 bit",/sample/5416798074371629e0b8291412d8d92dceb1344dafd6c207f2560a74ef40d116/5adb3f1b7ca3e12073293b89,1,121571c28cc61322707d45df21de60ea,96cd8e66336b6289ab0919e857f70b82f7ba9419,,1,,
"2018-04-21 15:40:30",37,-1,,,7c9a42f3359d6f4dd01ab3c3f4c6a2494f8deeadd496a3da384139acd5f46115,100,3bWpiD9q.exe_80522175086991fceb460a7f1e70326e,4673,"PE32 executable (GUI) Intel 80386 (stripped to ext ...",,,"Windows 7 32 bit",/sample/7c9a42f3359d6f4dd01ab3c3f4c6a2494f8deeadd496a3da384139acd5f46115/5adb3f067ca3e1212462a1e4,1,80522175086991fceb460a7f1e70326e,6ceca414097bd9e5b2c88f6d828cb74421fd31e4,,1,,
"2018-04-21 15:39:38",27,-1,,,b361c02e4ff7967d849b3b477d91472b15e74a2f79b6a564ba4e8f1a14c26224,100,1jxiJHye.exe_c9008ad5b77cd47d0f7cce0549a166c4,4627,"PE32 executable (GUI) Intel 80386 (stripped to ext ...",,,"Windows 7 32 bit",/sample/b361c02e4ff7967d849b3b477d91472b15e74a2f79b6a564ba4e8f1a14c26224/5adb3edd7ca3e11ed41bb4d8,1,c9008ad5b77cd47d0f7cce0549a166c4,69dd06cf694e7b3681a4129cf38f70fda0e5968c,,1,,
"2018-04-21 15:37:47",27,-1,,,0f7a27368f9beea3fdee5a882f33715bea071a4c8b2988e318bdc40e8ef631e3,100,0e9qDz1u.exe_89adc0d6481ef71960d8ac5ef0178fa0,4639,"PE32 executable (GUI) Intel 80386 (stripped to ext ...",,152.66.178.10,"Windows 7 32 bit",/sample/0f7a27368f9beea3fdee5a882f33715bea071a4c8b2988e318bdc40e8ef631e3/5adb3e767ca3e11f77087db8,1,89adc0d6481ef71960d8ac5ef0178fa0,e48f23ec3092ce6a6377b88cfb68e427225cbbf2,,1,,
"2018-04-21 15:36:04",79,26,Gen:Variant.Razy,,e73ff7952fffffbddf06307e8310bf9848cd782e0d9839947e7cd6cf5b59b0eb,100,heisen.dll,5733888,"PE32 executable (DLL) (GUI) Intel 80386, for MS Wi ...",,,"Windows 7 32 bit",/sample/e73ff7952fffffbddf06307e8310bf9848cd782e0d9839947e7cd6cf5b59b0eb/5adb3e117ca3e11e5b794034,2,7c8a3780eabe42912d1464db76a8c109,4cb59e61dd81a90b1361f3b3dd93e271ee91832c,,1,26,
"2018-04-21 15:32:44",20,,,,341d29a48baa6ece740b74682f40d77e773fc14fc29beb12072a535fea700452,100,executable.448.exe,6144,"PE32 executable (native) Intel 80386, for MS Windows",,,"Windows 7 32 bit",/sample/341d29a48baa6ece740b74682f40d77e773fc14fc29beb12072a535fea700452/5adb3d5d7ca3e11dc06f6bd3,3,b060223d5ab589690b8e9ee7c149f599,9c0d82497cee5ad144918719f7d91d6d760bef39,,,0,
"2018-04-21 15:25:19",00,-1,,,caf00da7abd0c581a070d49b74272a8262ca1ae5a0b0a27ae86d411f4f26bb2b,100,caf00da7abd0c581a070d49b74272a8262ca1ae5a0b0a27ae86d411f4f26bb2b.doc,30680,"Microsoft Word 2007+",,,"Windows 7 32 bit",/sample/caf00da7abd0c581a070d49b74272a8262ca1ae5a0b0a27ae86d411f4f26bb2b/5adb4a067ca3e138845477a3,0,6184acffb76bf063d68edf0da01081af,f4a727d1c44a3c7fa433913a9a72ca6ad63fb552,,1,,
"2018-04-21 15:22:49",100,80,Trojan.Wanna,"ransomware,wanacrypt0r,wannacry,wcry",84de5e970d324e7417822f2d4e645c19bd31a86a53304dc5cc6920a07343fc3b,110,d0af1ec75667d5a92592ffe2cfa7b726,5267459,"PE32 executable (DLL) (GUI) Intel 80386, for MS Wi ...",,,"Windows 7 32 bit (HWP Support)",/sample/84de5e970d324e7417822f2d4e645c19bd31a86a53304dc5cc6920a07343fc3b/5adb3b167ca3e1198d6e4124,2,d0af1ec75667d5a92592ffe2cfa7b726,78fddd14491c93cd62a489771ade4caf65e7263c,,1,80,
"2018-04-21 15:18:34",07,,,,d36b9018685b8234b7d39384df04a63a4912569fa28d0ae742e3e431baedc932,100,TM1DAE.doc,144896,"Composite Document File V2 Document, Little Endian ...",,2.21.242.213,"Windows 7 32 bit",/sample/d36b9018685b8234b7d39384df04a63a4912569fa28d0ae742e3e431baedc932/5adb3a187ca3e115fc07ee66,0,05d40c69a805b55a59de15b281016ca9,46d79055843c02e646c9eeecab7f26d572174232,,1,0,
"2018-04-21 15:03:53",100,-1,,,924f208aa0a5165bb9959a6f37779b04ef798ad8821643456ff3f7d9e3a14595,120,load.exe,1059328,"PE32+ executable (GUI) x86-64, for MS Windows","iplogger.com,dndzmey9.beget.tech","52.138.216.83,5.101.152.175,5.101.152.175,5.101.152.175,5.101.152.175,5.101.152.175,5.101.152.175,88.99.66.31","Windows 7 64 bit",/sample/924f208aa0a5165bb9959a6f37779b04ef798ad8821643456ff3f7d9e3a14595/5adb369a7ca3e10db50d0d03,2,c239278654ca2a9787195b77ec33d249,5f14e11f66ec4306eeabdff3c8b15ac0e9b6708d,,1,,
"2018-04-21 15:01:02",76,07,"GameHack.M potentially unsafe",,06ba5b0c00f3a20eca9748d06077dc6c694a3d321f7297baaa1609db7f72d190,120,"Far Cry 5 v1.2.0 Plus 21 Trainer.exe",1603584,"PE32+ executable (GUI) x86-64, for MS Windows",,2.16.4.178,"Windows 7 64 bit",/sample/06ba5b0c00f3a20eca9748d06077dc6c694a3d321f7297baaa1609db7f72d190/5adb35fc7ca3e10c566c0266,2,d6af78ed50cbb9f9c7cc8c13de576462,569e765098cf9eea4160b4c4df6177a68967f778,,1,7,6
"2018-04-21 14:57:31",14,,,,1847af24842624ca51a3c8f2a139ddbb42bcb719ae16f3436fa8ad88947e0f97,120,FAltChecker.jar,3473026,"Java archive data (JAR)",,,"Windows 7 64 bit",/sample/1847af24842624ca51a3c8f2a139ddbb42bcb719ae16f3436fa8ad88947e0f97/5adb43877ca3e12a766137aa,0,656f5c296deec192dc06abc6ae6af4b3,11670aa5d21d81abf0b8ec6c945266cc3ba5e465,,1,0,
"2018-04-21 14:53:14",76,36,Gen:Variant.Ursu,,0fdf7fa5c5f978a08f493e777510f1f2d86a368f83696b3ba46e43fe9c3642f8,100,0fdf7fa5c5f978a08f493e777510f1f2d86a368f83696b3ba46e43fe9c3642f8,342016,"PE32 executable (DLL) (GUI) Intel 80386, for MS Wi ...",,,"Windows 7 32 bit",/sample/0fdf7fa5c5f978a08f493e777510f1f2d86a368f83696b3ba46e43fe9c3642f8/5adb42707ca3e1285656fcd5,2,d3ab84916449601843ad36f3ea8f387a,70d152f70adb0e906218f6a0504c385478245419,,1,36,
"2018-04-21 14:51:16",48,-1,,,54155398270b555310b5acedb5f84075d43269d609fbcbcce7bfe2b36ecda655,100,Maksovinjector.exe,495616,"PE32 executable (console) Intel 80386, for MS Windows",,,"Windows 7 32 bit",/sample/54155398270b555310b5acedb5f84075d43269d609fbcbcce7bfe2b36ecda655/5adb42087ca3e127aa3f3273,1,b5c965ed2503c882de37d2e916abf544,df57d143e90990e7b784998460eccd140d7b2c39,,1,,
"2018-04-21 14:45:06",54,-1,,,c13927915fa97e1eae24c84b67804385ed8d9b6681038b7039a66aa1742b3e29,100,AyUNMwwV.exe_0dbc96dd4c121a27476b29a396ba0507,4653,"PE32 executable (GUI) Intel 80386 (stripped to ext ...",,52.14.61.47,"Windows 7 32 bit",/sample/c13927915fa97e1eae24c84b67804385ed8d9b6681038b7039a66aa1742b3e29/5adb40677ca3e124410b8a14,2,0dbc96dd4c121a27476b29a396ba0507,5caebf85ec52f6b8ab3820eeff8cfab453bee5ad,,1,,
"2018-04-21 14:44:45",27,-1,,,0e5ad56b51c32779e8cfa14e6117ef0ec27f177bef7cf1612489085e0279ccc5,100,9u9EBJ2V.exe_52d672163b7a8714ba4ae90f22542520,4660,"PE32 executable (GUI) Intel 80386 (stripped to ext ...",,,"Windows 7 32 bit",/sample/0e5ad56b51c32779e8cfa14e6117ef0ec27f177bef7cf1612489085e0279ccc5/5adb40147ca3e123a10e9584,1,52d672163b7a8714ba4ae90f22542520,7a21cf9a07af103ca656b0bfc650cdb27b150878,,1,,
"2018-04-21 14:44:34",27,-1,,,e0c9b085d15d22421ae802ac69b6b0b50dfd60a26248691ebe2e8c8bb4ad7750,100,9fWfQuYw.exe_4587dfe34d7838ab7bb9ea0a5edb1f4e,4674,"PE32 executable (GUI) Intel 80386 (stripped to ext ...",,,"Windows 7 32 bit",/sample/e0c9b085d15d22421ae802ac69b6b0b50dfd60a26248691ebe2e8c8bb4ad7750/5adb3fea7ca3e122e55d02f4,1,4587dfe34d7838ab7bb9ea0a5edb1f4e,8c41c3085ff33842e3f782d502b02bc5951d99b3,,1,,
"2018-04-21 14:44:03",95,56,Gen:Variant.Razy,,fa85d201a7bf3632d33e044df2dc57034dea086c0fdaa65ecbf608db62237412,100,8AgW0Sxa.exe_ec7c66b69420672856392e908e726adc,4653,"PE32 executable (GUI) Intel 80386 (stripped to ext ...",,,"Windows 7 32 bit",/sample/fa85d201a7bf3632d33e044df2dc57034dea086c0fdaa65ecbf608db62237412/5adb3fac7ca3e11f7c438123,2,ec7c66b69420672856392e908e726adc,5ac388c5a07ed42b40b1eec2c9e8e25f24de7304,,1,56,
"2018-04-21 14:43:31",27,-1,,,9b4aef1585d33dae53fc75987afc736db0ffb66667e78c152cebac3ffbd9da4e,100,7d7WDZXa.exe_e6a73e2a43af0ac23520bac83ac7a8bf,4618,"PE32 executable (GUI) Intel 80386 (stripped to ext ...",,,"Windows 7 32 bit",/sample/9b4aef1585d33dae53fc75987afc736db0ffb66667e78c152cebac3ffbd9da4e/5adb3f837ca3e11f7c43811e,1,e6a73e2a43af0ac23520bac83ac7a8bf,7ebcdc6167201c5f3d64008a637d25c007a42ac8,,1,,
"2018-04-21 14:43:10",60,-1,,,49a611ca4b57060215ebe7971724c50a5908051a9ce6d21ab33b56c64c5312f5,100,5YARYQC3.exe_57bd802b36381c898596c5858f3faad4,4643,"PE32 executable (GUI) Intel 80386 (stripped to ext ...",,,"Windows 7 32 bit",/sample/49a611ca4b57060215ebe7971724c50a5908051a9ce6d21ab33b56c64c5312f5/5adb3f597ca3e1206e49f026,1,57bd802b36381c898596c5858f3faad4,6223749b33d84e6fadc7f7d37d20469142e94548,,1,,
"2018-04-21 14:41:46",27,-1,,,f0cfb75c4d56568d7f2334eae309043445a723101e87a27543a72b2d07093836,100,5bQXMhrx.exe_37d66933ced0b07637ddea67f89f624f,4645,"PE32 executable (GUI) Intel 80386 (stripped to ext ...",,"216.58.213.142,42.201.163.7","Windows 7 32 bit",/sample/f0cfb75c4d56568d7f2334eae309043445a723101e87a27543a72b2d07093836/5adb3f457ca3e120c346da1e,1,37d66933ced0b07637ddea67f89f624f,9550b3902f23474ff3a45964143635e870230f12,,1,,
"2018-04-21 14:40:17",37,-1,,,fdfc8c79dd230482c105b2753629a7912c6a0a3910ece6dae43ef2ecda0be5b9,100,3medk6wJ.exe_b7c16d28fbfbd21088270a85247ea2eb,4624,"PE32 executable (GUI) Intel 80386 (stripped to ext ...",,,"Windows 7 32 bit",/sample/fdfc8c79dd230482c105b2753629a7912c6a0a3910ece6dae43ef2ecda0be5b9/5adb3f307ca3e120c346da17,1,b7c16d28fbfbd21088270a85247ea2eb,e6e5caa38b59d59155776087169b711b6fe0cfa6,,1,,
"2018-04-21 14:38:39",27,-1,,,f543add3084cb2f0cd3626a5b0f83ab289b77efefff04bdce0120157e54f453c,100,1yyUjfcx.exe_fefb8ec4c9798e283cf8c6cb69354cd3,4614,"PE32 executable (GUI) Intel 80386 (stripped to ext ...",,,"Windows 7 32 bit",/sample/f543add3084cb2f0cd3626a5b0f83ab289b77efefff04bdce0120157e54f453c/5adb3ef27ca3e120a2369c5b,1,fefb8ec4c9798e283cf8c6cb69354cd3,1d6e4b85367ac06a4082177886b3a4d549dc5f5f,,1,,
"2018-04-21 14:38:07",39,-1,,,1c26d3077d0bc38d25c91178b2820fdd8e2e3e808e5c01119d153e9a31844fb6,100,0ZrwtSKA.exe_4f20b631bbc2ca5e47d6085f64236d80,4671,"PE32 executable (GUI) Intel 80386 (stripped to ext ...",,68.185.246.253,"Windows 7 32 bit",/sample/1c26d3077d0bc38d25c91178b2820fdd8e2e3e808e5c01119d153e9a31844fb6/5adb3ec97ca3e11f130cacc7,1,4f20b631bbc2ca5e47d6085f64236d80,c1c418851f0fc67a492a5a0a09ea9cde3b7c77aa,,1,,
"2018-04-21 14:37:36",22,-1,,,d4e08c86852f0c5b77f0ecbcd422fff2ec31da6bf1eafc9bd5af8762ec465f8f,100,0Twab9Dz.exe_d1df7cac4992323b00c0eede7f68a0c8,4635,"PE32 executable (GUI) Intel 80386 (stripped to ext ...",,42.201.163.107,"Windows 7 32 bit",/sample/d4e08c86852f0c5b77f0ecbcd422fff2ec31da6bf1eafc9bd5af8762ec465f8f/5adb3eb47ca3e120747b0294,0,d1df7cac4992323b00c0eede7f68a0c8,ab516fec36c6470fe5c230dfcc3dc9a8d0e31737,,1,,
"2018-04-21 14:37:25",27,-1,,,8963863c4474c6dbdef74e6c175e55c4d9ba42d161cf5e66354aaeb29bec9715,100,0qnWxn2F.exe_f17308032c8ca2ad99384bb8485b2daa,4673,"PE32 executable (GUI) Intel 80386 (stripped to ext ...",,,"Windows 7 32 bit",/sample/8963863c4474c6dbdef74e6c175e55c4d9ba42d161cf5e66354aaeb29bec9715/5adb3e9f7ca3e11f691b9d78,1,f17308032c8ca2ad99384bb8485b2daa,a3d42a33dac11ff1ff0413faa2c3742ce4655932,,1,,
"2018-04-21 14:36:43",27,-1,,,472501095365d46b110b41a5dd5b4288ee5a13e2ce71e67bf67b27f10d46ad96,100,0LV3CuUy.exe_5602378f9c29f4f613c84b3d2cfe9e79,4644,"PE32 executable (GUI) Intel 80386 (stripped to ext ...",,207.148.17.9,"Windows 7 32 bit",/sample/472501095365d46b110b41a5dd5b4288ee5a13e2ce71e67bf67b27f10d46ad96/5adb3e8a7ca3e11d5430fd30,1,5602378f9c29f4f613c84b3d2cfe9e79,75609b7c924357177f2e8cdf0cc5796afba839e4,,1,,
"2018-04-21 14:35:43",27,-1,,,d3759d5d1f17af32e739655405de0eba8c8c3bcaa2988e496df5f0ec64f763a2,100,02Snhqd4.exe_855149b2f8cf2f60568c9bcd82466aa4,4613,"PE32 executable (GUI) Intel 80386 (stripped to ext ...",,,"Windows 7 32 bit",/sample/d3759d5d1f17af32e739655405de0eba8c8c3bcaa2988e496df5f0ec64f763a2/5adb3e617ca3e11c40677dcf,1,855149b2f8cf2f60568c9bcd82466aa4,fbf8eb1b538d4a6a0779fc8b4d96f574c0ed2f18,,1,,
"2018-04-21 14:34:56",100,65,Generic.MSIL.PasswordStealerA,"evasive,infostealer",ac6fba0eac5c9eea60ffd424269716f3a9fc3f1be89a498abfd9ace0fabdca56,100,for1.exe,276480,"PE32 executable (GUI) Intel 80386 Mono/.Net assemb ...",,,"Windows 7 32 bit",/sample/ac6fba0eac5c9eea60ffd424269716f3a9fc3f1be89a498abfd9ace0fabdca56/5adb3dad7ca3e11ed2389f53,2,241d26fa489f7221dae4868f2155d072,5ef9e590c6a66741053902ed79788a30fd48dbf0,,1,65,
"2018-04-21 14:28:18",60,-1,,,d34befe95948ca46b1011438e352382a5dbbc1f96e5a3fb99f2ba27120accfb6,100,NnuHL6Ub.exe_3ebbaf3f02ff54dbf3a2d64b19e09095,4654,"PE32 executable (GUI) Intel 80386 (stripped to ext ...",,13.59.207.165,"Windows 7 32 bit",/sample/d34befe95948ca46b1011438e352382a5dbbc1f96e5a3fb99f2ba27120accfb6/5adb3ca67ca3e11cf1401234,1,3ebbaf3f02ff54dbf3a2d64b19e09095,14327bf5513065d651dce5d233ab709643cfc8f8,,1,,
"2018-04-21 14:25:36",41,02,Trojan.Generic.pak,,618a4a8b86e16fa03b47b9ffaccf7c7bdcbc9820a666ccf5b9de9ac99e525ab5,100,OriginInstaller.exe,580608,"PE32 executable (GUI) Intel 80386 Mono/.Net assemb ...",,,"Windows 7 32 bit",/sample/618a4a8b86e16fa03b47b9ffaccf7c7bdcbc9820a666ccf5b9de9ac99e525ab5/5adb3c0e7ca3e11b3b7db563,1,5f5d83a0d7d3acd3119cb40246ac3a42,96ea567daf45400c80eab4195af32fe995a50f4d,,1,3,0
"2018-04-21 14:10:07",11,,,,f656f0f98cf2510f4e0fe5d5666643028a6b8bac50bf553c0a464456c0e82934,100,msvcp140.dll.71E1EC1A_562B_3AD1_94CD_84420ED4073F,443712,"PE32 executable (DLL) (console) Intel 80386, for M ...",,,"Windows 7 32 bit",/sample/f656f0f98cf2510f4e0fe5d5666643028a6b8bac50bf553c0a464456c0e82934/5adb38627ca3e112261d8563,0,a84a8a708751e2cb1f2bb117e9b7f390,a9378bae50093465e2ea1567958a1bb656d42149,,1,0,0
"2018-04-21 14:08:27",100,72,Trojan.Autoruns.GenericKDS,"darkcometrat,rat",f594d2999e05b7ea6d6f870ecdb9c5d9173b799805c65ac8c7a2d5538cc1fd35,100,importantupdates.exe,970032,"PE32 executable (GUI) Intel 80386 Mono/.Net assemb ...",,185.142.239.190,"Windows 7 32 bit",/sample/f594d2999e05b7ea6d6f870ecdb9c5d9173b799805c65ac8c7a2d5538cc1fd35/5adb380d7ca3e10fee456f9e,2,0679d914ff9a37ca1a0086dff5047f3b,91694f2fa4918068c9dfe1d49b4873add1b752ea,,1,72,
"2018-04-21 13:57:28",87,22,W32.Agent.16384,,8a2445d570b6555bbc83318da8da8278324d0e6a547058f7375d949dc2a5c9e0,120,msmms.exe,16384,"PE32 executable (GUI) Intel 80386, for MS Windows",,"88.221.234.41,23.56.177.21,23.62.197.99","Windows 7 64 bit",/sample/8a2445d570b6555bbc83318da8da8278324d0e6a547058f7375d949dc2a5c9e0/5adb357a7ca3e108ae12d88a,2,28096924aec6af1920947b1dc830c8a9,8b2dc167698c48099d9d9532e901e944b1f31c49,,1,22,
"2018-04-21 13:54:56",70,03,,,3e2faf114c6e70daccf63bab3958f5546fe90facb86a9adc5bf3c5175f4ea57c,100,executable.484.exe,507904,"PE32 executable (GUI) Intel 80386, for MS Windows",,,"Windows 7 32 bit",/sample/3e2faf114c6e70daccf63bab3958f5546fe90facb86a9adc5bf3c5175f4ea57c/5adb34e07ca3e10ac954b303,2,7b8c17525b03750114bd282b61f74a2d,54585ba9bc5ef0a34b2b3bf1d4a93fcbf21ceeff,,1,3,
"2018-04-21 13:52:08",100,39,Worm.Boychi,"banker,bot,cerber,kronos,latentbot,ransomware",a2cb962c413cd69d483f9c479f2cd942bfbb96d61421918c556e4ff4dfd85954,110,AnVir.exe,10453344,"PE32 executable (GUI) Intel 80386, for MS Windows","www.anvir.net,www.anvir.com,pagead2.googlesyndication.com,ocsp.pki.goog,googleads.g.doubleclick.net,crl.pki.goog,adservice.google.fr","185.22.234.22,88.221.234.51,104.16.91.188,216.58.217.66,172.217.15.78,172.217.7.130,216.58.218.226","Windows 7 32 bit (HWP Support)",/sample/a2cb962c413cd69d483f9c479f2cd942bfbb96d61421918c556e4ff4dfd85954/5adb342f7ca3e1095041d15a,2,126054cadfc65407ae704bfe6e319185,ad14a02389579fa0470b7b7e043b232861382267,,1,36,50
,100,17,ANDR.Agent.NFD,,a70f68dc97f71365ae395a7dab2ba83c857387fd56349ffb827a524234780030,200,cheatstudio-wqafa-blaze-of-battle.downloader.apk,4680382,"Zip archive data, at least v2.0 to extract",,,"Android Static Analysis",/sample/a70f68dc97f71365ae395a7dab2ba83c857387fd56349ffb827a524234780030/5adbdd0e7ca3e13b88710c89,2,761a154334a3f890aa27dcb7136b15d4,e449cf47af786a63b74a8fb62737a54ea3b577c7,,1,17,
,97,49,Android.Riskware.FakeApp,pua,75b4d397bd4ee90141f7a1997fffb1d7ab1df90a00f776b8c43f1c1376b8f471,200,"Blaze of Battle Apk Mod Unlock All.apk",54033736,"Java Jar file data (zip)",,,"Android Static Analysis",/sample/75b4d397bd4ee90141f7a1997fffb1d7ab1df90a00f776b8c43f1c1376b8f471/5adbdac77ca3e1398c654f0a,2,7a2115a8a55277fa2748085fa7a7efa3,773349b4d64ab2690845fc69acbbda17cc575d3d,,1,49,
,100,-1,,,412ff8bb99e40c5bac6d8abd66f410fa818736d613d33083b4e2e15065b82aef,200,Main(1).apk,2128684,"Zip archive data, at least v2.0 to extract",,,"Android Static Analysis",/sample/412ff8bb99e40c5bac6d8abd66f410fa818736d613d33083b4e2e15065b82aef/5adbc47c7ca3e11c4970cf64,2,e76b23860aa26c259d0f97e5ce7a2ddd,ae74c73e3bd0ac249b0c4a143dfdf336e64a1414,,1,,
,00,-1,,,fde150d91234973d44bdb7b58958e68dbdeffaba43f40fba6994d0e3957d5327,200,dardesh.apk,6410680,"Zip archive data",,,"Android Static Analysis",/sample/fde150d91234973d44bdb7b58958e68dbdeffaba43f40fba6994d0e3957d5327/5adbbd0a7ca3e110f67307c5,0,5f053649912a9738a2f0216eafb8f646,6a8b5360a9231461790db01f3b0bb74f9e168956,,1,,
,77,,,,cae8703f35ca03faf6595db54dba1a1d7d0694e3190a10354857765b8b4d14bc,200,PNDRA41_Rydah805.apk,4986203,"Java archive data (JAR)",,,"Android Static Analysis",/sample/cae8703f35ca03faf6595db54dba1a1d7d0694e3190a10354857765b8b4d14bc/5adbbaa27ca3e10c3d6351e7,1,62c83ae1da0ba6b4c58461448a6bcdab,ca3f0bdf11bf2f6d2140a41e7c7cff9bfd9ec27c,,1,,0
,02,-1,,,bdb864ed389656b591701e6b2edad780d83b92ab81fc772842ac8db30625cb39,200,com.konylabs.capitalone_2018-04-18.apk,77414914,"Zip archive data, at least v1.0 to extract",,,"Android Static Analysis",/sample/bdb864ed389656b591701e6b2edad780d83b92ab81fc772842ac8db30625cb39/5adbb7237ca3e107e17607c3,0,302f2f4b0b2908c207aa144a7e6d35eb,07f3bc80437844f3a637f14783c9db85febd6899,,1,,
,41,-1,,,4e6e634a933120fadf52dbfb291af473b4a607898a43dbc333994005f51d2892,200,com.creditonebank.mobile_2018-03-20.apk,22877920,"Zip archive data, at least v2.0 to extract",,,"Android Static Analysis",/sample/4e6e634a933120fadf52dbfb291af473b4a607898a43dbc333994005f51d2892/5adbb2687ca3e101b3246103,1,f864657b3966c727dffd63e063e04dcb,cf0698cca301e1a4d57caaea148011f07af63dc4,,1,,
,100,01,PUP.HighConfidence,,b8d504fde1c5d17f356f31e8fd91614d061024f16f2bfad87c8eb6a404e8539a,200,Snaptube-VIP-v4.38.0.19_build_4381910.apk,10465708,"Java Jar file data (zip)",,,"Android Static Analysis",/sample/b8d504fde1c5d17f356f31e8fd91614d061024f16f2bfad87c8eb6a404e8539a/5adb98777ca3e1544d298c56,2,00361be7084d0acfac63d985acbfc871,ff6d8f0b80c406c57be6aff73a9096fdaa9932bb,,1,1,
,100,03,Android.Non,,4ecd8a236104163029adbf25232a19554dba5560a98655c3ed0b72e17f092172,200,com.andriod.mm.apk,22755,"Java archive data (JAR)",,,"Android Static Analysis",/sample/4ecd8a236104163029adbf25232a19554dba5560a98655c3ed0b72e17f092172/5adb87ea7ca3e136a8264881,2,ba4101e8a4c9b11298ee47fa2ac7fcd6,e730daa06f496d7c57c07ecff7f482b57ba90571,,1,3,0
,05,,,,3534440a87dfa76d93b2564853c168debe2f9a8ad491799f789b01c2002e6ac9,200,HumbleBundle-2.2.4.apk,1291224,"Zip archive data",,,"Android Static Analysis",/sample/3534440a87dfa76d93b2564853c168debe2f9a8ad491799f789b01c2002e6ac9/5adb67427ca3e174bc73a797,0,fa16057d2c6a8e18b306d8185f5b587f,e2fe32f80f28fd3a482371304c03ef4b1608cc9e,,1,0,
,19,,,,fda557c028028e852b4eaca5144502970ae977e9b8eb846a2cf0a068f524ceac,200,com.roblox.client.apk,55291753,"Zip archive data, at least v2.0 to extract",,,"Android Static Analysis",/sample/fda557c028028e852b4eaca5144502970ae977e9b8eb846a2cf0a068f524ceac/5adb55677ca3e150ee536f23,0,4556d1a5654f77867b9c5df786c3b730,5ccd227c55bd7d6d338f281bec2def8e2457648b,,1,0,0
,90,63,Android.Hacktool.DroidSheep,,dc6aff0863e0283d1494bd14455fbeda5c40ca387ee35e828705a868e5a9ce6c,200,de.trier.infsec.koch.droidsheep-15.apk,309620,"Java Jar file data (zip)",,,"Android Static Analysis",/sample/dc6aff0863e0283d1494bd14455fbeda5c40ca387ee35e828705a868e5a9ce6c/5adb4b1f7ca3e13aad1da6c3,2,aec222945a7c54ea909ee987b37574a1,2a7b09a3f63732f2117ff218493367681ce72f63,,1,72,28
,31,02,Android.banker,,e92e8d5fb3f54fe88cf82e0a2720a42fc38308fd4fa36cd7915fa3a4df1bbcd6,200,Cheat-Droid-PRO-v2.3.3-www.ReXdl.com.apk,1621990,"Java archive data (JAR)",,,"Android Static Analysis",/sample/e92e8d5fb3f54fe88cf82e0a2720a42fc38308fd4fa36cd7915fa3a4df1bbcd6/5adb4af17ca3e13a02086526,1,bcb75e0b31b66c6a6526ba375ec6a4bc,1d388147b89630c1fb7e83ea46db347221335ef3,,1,3,0
,100,41,TrojanDropper.Agent,,86acfc9facc060fb8a434795b3feceeb8a8baab5e367dac0c3dcb8cd0072956b,200,top10-pda-life.apk,161964,"Zip archive data, at least v2.0 to extract",,,"Android Static Analysis",/sample/86acfc9facc060fb8a434795b3feceeb8a8baab5e367dac0c3dcb8cd0072956b/5adb3c617ca3e11b3c430ee3,2,34d13efb55e4cb97666356c010886501,9398168e745659f5b79d259a96bb86b7a0ba43ef,,1,41,
,91,-1,,,6519a175f8b874931c1eb207c6d54250d6fab65b7be534354ca0b24638920823,200,"GuestSpy (1).apk",3002724,"Java archive data (JAR)",,,"Android Static Analysis",/sample/6519a175f8b874931c1eb207c6d54250d6fab65b7be534354ca0b24638920823/5adb39e37ca3e1145a38fd63,2,f658af8667c20d157cb951ee83bd31e7,ba6a087dff35e1e0667f4cdbd31668c412e4369a,,1,,
,02,,,,e5b29c429311a67997e0c008c459e7c0512b4c7d4453c637e316a122fe733136,200,MmsService_com.android.mms.service.apk,8802,"Java Jar file data (zip)",,,"Android Static Analysis",/sample/e5b29c429311a67997e0c008c459e7c0512b4c7d4453c637e316a122fe733136/5adb36fe7ca3e10d267217a7,0,5ecfa6870a62c797e7cf2a3942e8a4b5,a3eadf98c50877ad38fb8d70e987661a9cab9dbf,,1,0,
,02,,,,dbaa1d0d72799fd03b697fdba7cbc1cefd3a0aa9ea0b00a552866596b681be18,200,com.android.carrierconfig_com.android.carrierconfig.apk,107878,"Java archive data (JAR)",,,"Android Static Analysis",/sample/dbaa1d0d72799fd03b697fdba7cbc1cefd3a0aa9ea0b00a552866596b681be18/5adb35fb7ca3e10cfb1c7175,0,74d291ee1b7c7a2bc9ee55143ff25b3a,38a87c976ce0d0ec8f6a6dc3535cc1284cf1b7d3,,1,0,
